{"metadata":{"asset_id":"9e954818-86c3-495b-b40f-36e8c9516060","asset_type":"connection","creator_id":"icp4d-dev"},"entity":{"datasource_type":"81bafdbd-b7c6-45c5-a4fd-6ec135f66f4e","description":"Asset Files for Data Profile summary","name":"9f87423d-e620-429e-a444-4fa4c2d4d290","origin_country":"us","properties":{"access_token":"aWNwNGQtZGV2OmZtYXVFazV3YXRmQXY=","trust_all_ssl_cert":"false","project_id":"dfc57498-eec6-4d58-bbb8-f57f29b14aba","gateway_url":"https://internal-nginx-svc.cpd-instance.svc:12443","token_type":"basic","icp4d_url":"https://internal-nginx-svc.cpd-instance.svc:12443"}}}