{"metadata":{"asset_id":"5d487e2c-ed64-4d54-a2c2-c7b10516638d","asset_type":"connection","creator_id":"icp4d-dev"},"entity":{"datasource_type":"81bafdbd-b7c6-45c5-a4fd-6ec135f66f4e","description":"Asset Files for Data Profile summary","name":"04496196-f868-496f-8f67-8955ece77498","origin_country":"us","properties":{"access_token":"aWNwNGQtZGV2OmZtYXVFazV3YXRmQXY=","trust_all_ssl_cert":"false","project_id":"dfc57498-eec6-4d58-bbb8-f57f29b14aba","gateway_url":"https://internal-nginx-svc.cpd-instance.svc:12443","token_type":"basic","icp4d_url":"https://internal-nginx-svc.cpd-instance.svc:12443"}}}