{"metadata":{"asset_id":"aa388ae3-12a7-4eb0-95d7-06aa7058fd6b","asset_attributes":["data_flow"],"name":"Consumption Reading_ER_CO2","asset_type":"data_flow","created_at":"2022-12-02T15:23:21Z","description":"","origin_country":"us","owner_id":"1000330999","project_id":"dfc57498-eec6-4d58-bbb8-f57f29b14aba","size":1336,"usage":{"last_update_time":1669994601885,"last_updated_at":"2022-12-02T15:23:21Z"}},"entity":{"data_flow":{"_entity_only":false}},"attachments":[{"id":"157e3d38-f1e1-463f-b28e-999112c8d0ae","version":2,"asset_type":"data_flow","name":"data_flow","description":"","mime":"application/json","datasource_type":"81bafdbd-b7c6-45c5-a4fd-6ec135f66f4e","object_key":"data_flow/Consumption Reading_ER_CO2","creator_id":"1000330999","create_time":1669994601884,"size":1336,"is_remote":false,"is_managed":false,"is_referenced":true,"is_object_key_read_only":false,"is_user_provided_path_key":true,"transfer_complete":true,"is_partitioned":false,"complete_time_ticks":1669994601884,"user_data":{},"test_doc":0,"handle":{"key":"data_flow/Consumption Reading_ER_CO2","upload_id":"done","max_part_num":1},"usage":{"access_count":0,"last_accessor_id":"1000330999","last_access_time":1669994601884}}]}