{"metadata":{"asset_id":"eb9458e9-fee7-479f-9749-d5ccb2b09c76","asset_attributes":["data_rule"],"name":"Job-test","asset_type":"data_rule","created_at":"2022-12-05T17:04:46Z","description":"","origin_country":"us","owner_id":"1000330999","project_id":"dfc57498-eec6-4d58-bbb8-f57f29b14aba","size":0,"usage":{"last_update_time":1670259886538,"last_updated_at":"2022-12-05T17:04:46Z"}},"entity":{"data_rule":{"outputDefinition":{"columns":[{"name":"ZipPostalCode","type":"COLUMN","sourceColumn":{"dataSetId":"1e92878b-1240-4d83-991a-adb2d2b3d7d4","dataFieldId":"ZipPostalCode","type":"COLUMN"}}],"outputType":"FAILING_RECORDS","location":{"connectionId":"10aba431-3ce8-4e06-af11-dce1113d8be7","properties":{"schema_name":"IBMCONSOLE","table_name":"LOCKS"}},"outputOnlyDistinctRecords":false,"updateType":"OVERWRITE"},"boundExpression":"dimFacility.FacilityId exists ","isValid":true,"bindings":{"col_a":{"dataSetId":"1e92878b-1240-4d83-991a-adb2d2b3d7d4","dataFieldId":"FacilityId","type":"COLUMN"}},"dataQualityDimensionId":"ec453723-669c-48bb-82c1-11b69b3b8c93abc","dataRuleDefinitionId":"6fbd99ba-c4ad-4f0a-be6c-6ce96e176ac0","isManaged":false}}}