{"metadata":{"asset_id":"6fbd99ba-c4ad-4f0a-be6c-6ce96e176ac0","asset_attributes":["data_rule_definition"],"name":"rdef_NotNull","asset_type":"data_rule_definition","created_at":"2022-12-01T10:35:03Z","description":"A template rule that checks for the presence of values in a column","origin_country":"us","owner_id":"1000330999","project_id":"dfc57498-eec6-4d58-bbb8-f57f29b14aba","size":0,"usage":{"last_update_time":1669900804599,"last_updated_at":"2022-12-01T13:20:04Z"}},"entity":{"data_rule_definition":{"expression":"col_a exists","dataQualityDimensionId":"ec453723-669c-48bb-82c1-11b69b3b8c93abc"}}}