{"metadata":{"asset_id":"72eee505-74d3-4067-9880-1b8aedffdfbb","asset_attributes":["data_flow"],"name":"Consumption Reading_ER_CO2_2 copy 1","asset_type":"data_flow","created_at":"2022-12-02T16:47:33Z","description":"","origin_country":"us","owner_id":"1000330999","project_id":"dfc57498-eec6-4d58-bbb8-f57f29b14aba","size":3290,"usage":{"last_update_time":1670001006755,"last_updated_at":"2022-12-02T17:10:06Z"}},"entity":{"data_flow":{"_entity_only":false}},"attachments":[{"id":"46b5ae99-3f90-46b5-a256-48c056d32133","version":2,"asset_type":"data_flow","name":"data_flow","description":"","mime":"application/json","datasource_type":"81bafdbd-b7c6-45c5-a4fd-6ec135f66f4e","object_key":"data_flow/Consumption Reading_ER_CO2_2 copy 1","creator_id":"1000330999","create_time":1669999654051,"size":3290,"is_remote":false,"is_managed":false,"is_referenced":true,"is_object_key_read_only":false,"is_user_provided_path_key":true,"transfer_complete":true,"is_partitioned":false,"complete_time_ticks":1669999654051,"user_data":{},"test_doc":0,"handle":{"key":"data_flow/Consumption Reading_ER_CO2_2 copy 1","upload_id":"done","max_part_num":1},"usage":{"access_count":3,"last_accessor_id":"1000330999","last_access_time":1670001006754,"last_updater_id":"1000330999","last_update_time":1670001006754}}]}