{"metadata":{"asset_id":"4d32219f-d300-4a17-a284-7daa039c637a","asset_attributes":["data_flow"],"name":"Consumption Reading_flow","asset_type":"data_flow","created_at":"2022-11-23T11:25:02Z","description":"","origin_country":"us","owner_id":"1000330999","project_id":"dfc57498-eec6-4d58-bbb8-f57f29b14aba","size":1296,"usage":{"last_update_time":1669227551412,"last_updated_at":"2022-11-23T18:19:11Z"}},"entity":{"data_flow":{"_entity_only":false}},"attachments":[{"id":"362042bb-7a10-4ff0-8bf6-916da5923eb9","version":2,"asset_type":"data_flow","name":"data_flow","description":"","mime":"application/json","datasource_type":"81bafdbd-b7c6-45c5-a4fd-6ec135f66f4e","object_key":"data_flow/Consumption Reading_flow","creator_id":"1000330999","create_time":1669202703282,"size":1296,"is_remote":false,"is_managed":false,"is_referenced":true,"is_object_key_read_only":false,"is_user_provided_path_key":true,"transfer_complete":true,"is_partitioned":false,"complete_time_ticks":1669202703282,"user_data":{},"test_doc":0,"handle":{"key":"data_flow/Consumption Reading_flow","upload_id":"done","max_part_num":1},"usage":{"access_count":3,"last_accessor_id":"1000330999","last_access_time":1669227551411,"last_updater_id":"1000330999","last_update_time":1669227551411}}]}