{"metadata":{"asset_id":"f163e796-556e-4d50-8a61-a873115c00bf","asset_attributes":["dataview_visualization"],"name":"vis_DQ_OUTPUT","asset_type":"dataview_visualization","created_at":"2022-12-05T19:04:43Z","description":"Visualisation of DQ_OUTPUT","origin_country":"us","owner_id":"1000330999","project_id":"dfc57498-eec6-4d58-bbb8-f57f29b14aba","size":0,"usage":{"last_update_time":1670321907802,"last_updated_at":"2022-12-06T10:18:27Z"}},"entity":{"dataview_visualization":{"dataset":{"data_asset_id":"88427077-a297-414e-9b1d-a7c0e93e0b6a","type":"asset","schema":[{"name":"SOURCE_TABLE","type":"string","measurement":"nominal"},{"name":"RULE_NAME","type":"string","measurement":"nominal"}],"schema_indexes":[{"name":"pie_2034051940mliwm05x98p","usedSchemaIndexes":[0]}]}}},"attachments":[{"id":"980e7f98-0c0a-410f-b81e-2f26a0ddd906","version":2,"asset_type":"dataview_visualization","name":"dataview_visualization_2022125190443.json","mime":"application/json","datasource_type":"81bafdbd-b7c6-45c5-a4fd-6ec135f66f4e","creator_id":"1000330999","create_time":1670267083246,"size":0,"is_remote":false,"is_managed":true,"is_referenced":false,"is_object_key_read_only":false,"is_user_provided_path_key":false,"transfer_complete":false,"is_partitioned":false,"complete_time_ticks":0,"user_data":{},"test_doc":0,"handle":{"type":"assetfiles","key":"c794fc94-cdd1-442b-b215-c74accdd2778/f163e796-556e-4d50-8a61-a873115c00bf/980e7f98-0c0a-410f-b81e-2f26a0ddd906","upload_id":"f76e6ea8-3ca6-4946-adee-725629577092","max_part_num":1},"usage":{"access_count":0,"last_accessor_id":"1000330999","last_access_time":1670267083246}}]}