{"metadata":{"asset_id":"de1fb9cf-fb1d-41e6-bad1-6f09efba3dba","asset_attributes":["data_flow"],"name":"dimDivision_flow","asset_type":"data_flow","created_at":"2022-11-29T11:58:14Z","description":"","origin_country":"us","owner_id":"1000330999","project_id":"dfc57498-eec6-4d58-bbb8-f57f29b14aba","size":1261,"usage":{"last_update_time":1669723120983,"last_updated_at":"2022-11-29T11:58:40Z"}},"entity":{"data_flow":{"_entity_only":false}},"attachments":[{"id":"44808eb7-fdb5-4ffa-9bd8-5a228b9927bd","version":2,"asset_type":"data_flow","name":"data_flow","description":"","mime":"application/json","datasource_type":"81bafdbd-b7c6-45c5-a4fd-6ec135f66f4e","object_key":"data_flow/dimDivision_flow","creator_id":"1000330999","create_time":1669723095326,"size":1261,"is_remote":false,"is_managed":false,"is_referenced":true,"is_object_key_read_only":false,"is_user_provided_path_key":true,"transfer_complete":true,"is_partitioned":false,"complete_time_ticks":1669723095326,"user_data":{},"test_doc":0,"handle":{"key":"data_flow/dimDivision_flow","upload_id":"done","max_part_num":1},"usage":{"access_count":1,"last_accessor_id":"1000330999","last_access_time":1669723120982,"last_updater_id":"1000330999","last_update_time":1669723120982}}]}