{"metadata":{"asset_id":"88427077-a297-414e-9b1d-a7c0e93e0b6a","asset_attributes":["data_asset","asset_terms","data_profile","column_info"],"name":"DQ_OUTPUT","asset_type":"data_asset","created_at":"2022-12-05T18:31:36Z","description":"","origin_country":"none","owner_id":"1000330999","project_id":"dfc57498-eec6-4d58-bbb8-f57f29b14aba","size":0,"usage":{"last_update_time":1670265597119,"last_updated_at":"2022-12-05T18:39:57Z"}},"entity":{"data_asset":{"mime_type":"application/x-ibm-rel-table","dataset":true,"columns":[{"name":"RULE_NAME","type":{"length":255,"nullable":false,"type":"nvarchar","scale":0,"signed":false}},{"name":"START_TIME","type":{"length":26,"nullable":false,"type":"timestamp","scale":6,"signed":false}},{"name":"SOURCE_TABLE","type":{"length":255,"nullable":true,"type":"nvarchar","scale":0,"signed":false}},{"name":"ASSET_ID","type":{"length":10,"nullable":true,"type":"integer","scale":0,"signed":false}},{"name":"ASSET_NAME","type":{"length":255,"nullable":true,"type":"nvarchar","scale":0,"signed":false}},{"name":"ASSET_VALUE","type":{"length":20,"nullable":true,"type":"nvarchar","scale":0,"signed":false}}],"properties":[{"name":"schema_name","value":"IAUSER"},{"name":"table_name","value":"DQ_OUTPUT"}]},"asset_terms":{"list":[]},"data_profile":{"85f3cf3d-ced0-4583-b853-1a04f5243ecf":{"metadata":{"guid":"85f3cf3d-ced0-4583-b853-1a04f5243ecf","asset_id":"85f3cf3d-ced0-4583-b853-1a04f5243ecf","dataset_id":"88427077-a297-414e-9b1d-a7c0e93e0b6a","dataset_ids":[],"url":"https://internal-nginx-svc.cpd-instance.svc:12443/v2/data_profiles/85f3cf3d-ced0-4583-b853-1a04f5243ecf?project_id=dfc57498-eec6-4d58-bbb8-f57f29b14aba&dataset_id=88427077-a297-414e-9b1d-a7c0e93e0b6a","project_id":"dfc57498-eec6-4d58-bbb8-f57f29b14aba","created_at":"2022-12-05T18:38:52.311Z","accessed_at":"2022-12-05T18:38:52.311Z","owner":"admin","owner_id":"1000330999","last_updater_id":"1000330999"},"entity":{"data_profile":{"options":{"disable_profiling":false,"max_row_count":5000,"max_distribution_size":100,"max_numeric_stats_bins":100,"max_columns_per_task":250,"max_rows_per_batch":10000,"enable_fast_classification":false,"enable_dqa":true,"nullability_threshold":0.05,"uniqueness_threshold":0.95,"data_classification_confidence_threshold":0.75,"min_data_classification_confidence_threshold":0.25,"classification_options":{"disabled":false,"use_all_ibm_classes":true,"use_all_custom_classes":true,"ibm_class_codes":[],"custom_class_codes":[],"class_categories":[]}},"execution":{"status":"finished","hb_task_id":"47301352-2fa4-49f1-922a-6319988e0486","run_by":"999","is_supported":true,"create_time":"2022-12-05T18:38:55.055Z","completed_date":"2022-12-05T18:39:54.054Z"},"columns":[],"failed_assets":[],"logs":[{"date":"2022-12-05T18:39:33.033Z","event_id":"100","message_text":"Job submitted with id [47301352-2fa4-49f1-922a-6319988e0486]","type":"info"},{"date":"2022-12-05T18:39:33.033Z","event_id":"100","message_text":"Job execution started","type":"info"},{"date":"2022-12-05T18:39:53.053Z","event_id":"200","message_text":"Job execution ended","type":"info"}]},"columns":[]},"href":"https://internal-nginx-svc.cpd-instance.svc:12443/v2/data_profiles/85f3cf3d-ced0-4583-b853-1a04f5243ecf?project_id=dfc57498-eec6-4d58-bbb8-f57f29b14aba&dataset_id=88427077-a297-414e-9b1d-a7c0e93e0b6a"},"attribute_classes":["Text","NoClassDetected","Date","Person Name","Code","Indicator"],"attribute_quality":{"score":100,"analyzed_row_count":70,"columns":[]}},"column_info":{"ASSET_NAME":{"column_terms":[],"data_class":{"selected_data_class":{"name":"Code","id":"a0fc9678-ce57-4b67-906d-d933d941a12e_78d17ea1-4fef-4140-ab0b-1a54fd564bb4","setByUser":false}},"quality":{"score":100}},"START_TIME":{"column_terms":[],"data_class":{"selected_data_class":{"name":"Date","id":"a0fc9678-ce57-4b67-906d-d933d941a12e_b16e7437-2090-476a-a0c9-92cf20692901","setByUser":false}},"quality":{"score":100}},"ASSET_VALUE":{"column_terms":[],"data_class":{"selected_data_class":{"name":"Indicator","id":"a0fc9678-ce57-4b67-906d-d933d941a12e_370abd7a-e3fe-40e3-a0e2-44774198dcff","setByUser":false}},"quality":{"score":100}},"RULE_NAME":{"column_terms":[],"data_class":{"selected_data_class":{"name":"Text","id":"a0fc9678-ce57-4b67-906d-d933d941a12e_4ddcf1a1-39aa-4619-821f-064d47876be4","setByUser":false}},"quality":{"score":100}},"SOURCE_TABLE":{"column_terms":[],"data_class":{"selected_data_class":{"name":"Person Name","id":"a0fc9678-ce57-4b67-906d-d933d941a12e_55bb3303-833a-4da7-a2aa-4abcc77dc5ce","setByUser":false}},"quality":{"score":100}},"ASSET_ID":{"column_terms":[],"data_class":{"selected_data_class":{"name":"NoClassDetected","id":"U","setByUser":false}},"quality":{"score":100}}}},"attachments":[{"id":"d3da5f52-e370-417f-883e-4a2b4d1de334","version":2,"asset_type":"data_asset","name":"remote","description":"remote","connection_id":"ed4c9fe2-74ea-4fb8-8d20-331068237bd7","connection_path":"/IAUSER/DQ_OUTPUT","datasource_type":"8c1a4480-1c29-4b33-9086-9cb799d7b157","creator_id":"1000330999","create_time":1670265095535,"size":0,"is_remote":true,"is_managed":false,"is_referenced":false,"is_object_key_read_only":false,"is_user_provided_path_key":true,"transfer_complete":true,"is_partitioned":false,"complete_time_ticks":1670265046939,"user_data":{},"test_doc":0,"usage":{"access_count":1,"last_accessor_id":"1000330999","last_access_time":1670265095535}}]}