[{"metadata":{"asset_id":"e8f9fe34-c622-4a6b-aa71-4f28cc3de8c4","asset_type":"data_intg_flow","catalog_id":"c794fc94-cdd1-442b-b215-c74accdd2778","create_time":"2022-11-30T09:04:26.000Z","creator_id":"1000330999","name":"jb01","origin_country":"us","size":8878,"project_id":"dfc57498-eec6-4d58-bbb8-f57f29b14aba","resource_key":"dfc57498-eec6-4d58-bbb8-f57f29b14aba/data_intg_flow/jb01","description":"","usage":{"last_access_time":"2022-11-30T09:14:15.061Z","last_accessor_id":"1000330999","access_count":0}},"entity":{"data_intg_flow":{"mime_type":"application/json","dataset":false}},"attachments":[{"test_doc":0,"object_key":"data_intg_flow/dfc57498-eec6-4d58-bbb8-f57f29b14abae8f9fe34-c622-4a6b-aa71-4f28cc3de8c4px_executables","create_time":1669799624503,"complete_time_ticks":1669799624503,"mime":"application/octet-stream","usage":{"access_count":0,"last_accessor_id":"1000330999","last_access_time":1669799624503},"is_remote":false,"handle":{"max_part_num":1,"upload_id":"done","key":"data_intg_flow/dfc57498-eec6-4d58-bbb8-f57f29b14abae8f9fe34-c622-4a6b-aa71-4f28cc3de8c4px_executables"},"is_user_provided_path_key":true,"user_data":{},"version":2,"size":1648,"is_partitioned":false,"datasource_type":"81bafdbd-b7c6-45c5-a4fd-6ec135f66f4e","transfer_complete":true,"asset_type":"data_intg_flow","name":"px_executables","creator_id":"1000330999","id":"2be3f17b-225d-4c8d-8258-0dbe142d2612","is_referenced":true,"is_managed":false,"is_object_key_read_only":false},{"test_doc":0,"object_key":"data_intg_flow/dfc57498-eec6-4d58-bbb8-f57f29b14abae8f9fe34-c622-4a6b-aa71-4f28cc3de8c4","create_time":1669799655060,"complete_time_ticks":1669799655060,"mime":"application/json","usage":{"access_count":0,"last_accessor_id":"1000330999","last_access_time":1669799655060},"is_remote":false,"handle":{"max_part_num":1,"upload_id":"done","key":"data_intg_flow/dfc57498-eec6-4d58-bbb8-f57f29b14abae8f9fe34-c622-4a6b-aa71-4f28cc3de8c4"},"is_user_provided_path_key":true,"user_data":{},"version":2,"size":7230,"is_partitioned":false,"datasource_type":"81bafdbd-b7c6-45c5-a4fd-6ec135f66f4e","transfer_complete":true,"asset_type":"data_intg_flow","name":"data_intg_flows","creator_id":"1000330999","id":"33afe775-699c-457e-9612-af6b0e11f81a","is_referenced":true,"is_managed":false,"is_object_key_read_only":false}]}]