{"metadata":{"asset_id":"b88bd888-9791-4f96-b363-49c68f57e786","asset_attributes":["data_flow"],"name":"Consumption Reading_ER_CO2_2","asset_type":"data_flow","created_at":"2022-12-02T15:42:08Z","description":"","origin_country":"us","owner_id":"1000330999","project_id":"dfc57498-eec6-4d58-bbb8-f57f29b14aba","size":3857,"usage":{"last_update_time":1670327474445,"last_updated_at":"2022-12-06T11:51:14Z"}},"entity":{"data_flow":{"_entity_only":false}},"attachments":[{"id":"7e686940-a873-44b2-a868-ffb019e0b983","version":2,"asset_type":"data_flow","name":"data_flow","description":"","mime":"application/json","datasource_type":"81bafdbd-b7c6-45c5-a4fd-6ec135f66f4e","object_key":"data_flow/Consumption Reading_ER_CO2_2","creator_id":"1000330999","create_time":1669995729047,"size":3857,"is_remote":false,"is_managed":false,"is_referenced":true,"is_object_key_read_only":false,"is_user_provided_path_key":true,"transfer_complete":true,"is_partitioned":false,"complete_time_ticks":1669995729047,"user_data":{},"test_doc":0,"handle":{"key":"data_flow/Consumption Reading_ER_CO2_2","upload_id":"done","max_part_num":1},"usage":{"access_count":3,"last_accessor_id":"1000330999","last_access_time":1670327474444,"last_updater_id":"1000330999","last_update_time":1670327474444}}]}