{"metadata":{"asset_id":"f39e9f2c-2254-4c8b-908a-0f6ec15bd91f","asset_attributes":["data_flow"],"name":"cr_001","asset_type":"data_flow","created_at":"2022-12-02T16:14:11Z","description":"","origin_country":"us","owner_id":"1000330999","project_id":"dfc57498-eec6-4d58-bbb8-f57f29b14aba","size":2908,"usage":{"last_update_time":1669997989026,"last_updated_at":"2022-12-02T16:19:49Z"}},"entity":{"data_flow":{"_entity_only":false}},"attachments":[{"id":"c8a9eccb-01ec-4ca8-9b2f-c8302c93d772","version":2,"asset_type":"data_flow","name":"data_flow","description":"","mime":"application/json","datasource_type":"81bafdbd-b7c6-45c5-a4fd-6ec135f66f4e","object_key":"data_flow/cr_001","creator_id":"1000330999","create_time":1669997652040,"size":2908,"is_remote":false,"is_managed":false,"is_referenced":true,"is_object_key_read_only":false,"is_user_provided_path_key":true,"transfer_complete":true,"is_partitioned":false,"complete_time_ticks":1669997652040,"user_data":{},"test_doc":0,"handle":{"key":"data_flow/cr_001","upload_id":"done","max_part_num":1},"usage":{"access_count":1,"last_accessor_id":"1000330999","last_access_time":1669997989025,"last_updater_id":"1000330999","last_update_time":1669997989025}}]}