{"metadata":{"asset_id":"5d49ec0a-b149-49de-b3f9-35e02ab62970","asset_attributes":["job"],"name":"Import-Luke job","asset_type":"job","created_at":"2022-12-05T15:59:06Z","description":"","origin_country":"us","owner_id":"1000330999","project_id":"dfc57498-eec6-4d58-bbb8-f57f29b14aba","size":0,"usage":{"last_update_time":1670255946337,"last_updated_at":"2022-12-05T15:59:06Z"}},"entity":{"job":{"asset_ref_type":"metadata_import","configuration":{"env_type":"","env_variables":[]},"last_run_initiator":"None","last_run_time":"","last_run_status":"None","last_run_status_timestamp":0,"future_scheduled_runs":[],"enable_notifications":true,"project_name":"WeirPOC","asset_ref":"b2d15abe-7ac0-46cb-b406-4a67ec6935b8","schedule_id":"","schedule_creator_id":""}}}