{"metadata":{"asset_id":"6a95e377-85a0-41eb-bbeb-3cdcfa9b26c2","asset_attributes":["job"],"name":"md_dimRegion","asset_type":"job","created_at":"2022-11-29T16:16:30Z","origin_country":"us","owner_id":"1000330999","project_id":"dfc57498-eec6-4d58-bbb8-f57f29b14aba","size":0,"usage":{"last_update_time":1669741330084,"last_updated_at":"2022-11-29T17:02:10Z"}},"entity":{"job":{"asset_ref_type":"metadata_enrichment_area","configuration":{"env_type":"","env_variables":[]},"schedule_info":{},"last_run_initiator":"None","last_run_time":"","last_run_status":"None","last_run_status_timestamp":0,"future_scheduled_runs":[],"enable_notifications":true,"project_name":"WeirPOC","asset_ref":"9b624c11-37d1-4371-9c3d-2216172be5af","schedule_id":"","schedule_creator_id":""}}}