{"metadata":{"asset_id":"9b24a41c-16b9-487c-ab42-313c0b62d15c","asset_attributes":["job"],"name":"jb000001","asset_type":"job","created_at":"2022-12-02T17:10:22Z","description":"","origin_country":"us","owner_id":"1000330999","project_id":"dfc57498-eec6-4d58-bbb8-f57f29b14aba","size":0,"usage":{"last_update_time":1670001022780,"last_updated_at":"2022-12-02T17:10:22Z"}},"entity":{"job":{"asset_ref_type":"data_flow","configuration":{"env_id":"shaper_rruntime","env_name":"Default Data Refinery XS","env_type":"shaper_rruntime","env_variables":[]},"last_run_initiator":"None","last_run_time":"","last_run_status":"None","last_run_status_timestamp":0,"future_scheduled_runs":[],"enable_notifications":true,"notification_types":{"success":false,"failure":false,"warning":false},"retention_policy":{},"project_name":"WeirPOC","asset_ref":"72eee505-74d3-4067-9880-1b8aedffdfbb","schedule_id":"","schedule_creator_id":""}}}