{"metadata":{"asset_id":"230a01ea-752f-44a4-9be3-1b601b1f943c","asset_attributes":["job"],"name":"jb01.DataStage job","asset_type":"job","created_at":"2022-11-30T09:12:23Z","origin_country":"us","owner_id":"1000330999","project_id":"dfc57498-eec6-4d58-bbb8-f57f29b14aba","size":0,"usage":{"last_update_time":1669799635751,"last_updated_at":"2022-11-30T09:13:55Z"}},"entity":{"job":{"asset_ref_type":"data_intg_flow","configuration":{"env_variables":[],"flow_limits":{"warn_limit":100},"job_parameters":[],"env_type":""},"last_run_initiator":"None","last_run_time":"","last_run_status":"None","last_run_status_timestamp":0,"future_scheduled_runs":[],"enable_notifications":true,"project_name":"WeirPOC","asset_ref":"e8f9fe34-c622-4a6b-aa71-4f28cc3de8c4","schedule_id":"","schedule_creator_id":"","data_assets_array":["Test_01=="]}}}