{"metadata":{"asset_id":"7cabe9f3-05c9-4c3f-9711-efb9d6d270ee","asset_attributes":["job"],"name":"md_dimDivision","asset_type":"job","created_at":"2022-11-29T16:09:28Z","origin_country":"us","owner_id":"1000330999","project_id":"dfc57498-eec6-4d58-bbb8-f57f29b14aba","size":0,"usage":{"last_update_time":1669738169037,"last_updated_at":"2022-11-29T16:09:29Z"}},"entity":{"job":{"asset_ref_type":"metadata_enrichment_area","configuration":{"env_type":"","env_variables":[]},"schedule_info":{},"last_run_initiator":"None","last_run_time":"","last_run_status":"None","last_run_status_timestamp":0,"future_scheduled_runs":[],"enable_notifications":true,"project_name":"WeirPOC","asset_ref":"d171ca69-45d8-4dab-a0ff-d6cdc0fa3792","schedule_id":"","schedule_creator_id":""}}}