{"metadata":{"asset_id":"f74b9df7-e121-40bb-81c6-29982c165d1e","asset_attributes":["job"],"name":"dimDivision_UC_SrsSystemNm","asset_type":"job","created_at":"2022-11-29T12:00:21Z","description":"Convert SourceSystemName into upper-case","origin_country":"us","owner_id":"1000330999","project_id":"dfc57498-eec6-4d58-bbb8-f57f29b14aba","size":0,"usage":{"last_update_time":1669723221227,"last_updated_at":"2022-11-29T12:00:21Z"}},"entity":{"job":{"asset_ref_type":"data_flow","configuration":{"env_id":"shaper_rruntime","env_name":"Default Data Refinery XS","env_type":"shaper_rruntime","env_variables":[]},"last_run_initiator":"None","last_run_time":"","last_run_status":"None","last_run_status_timestamp":0,"future_scheduled_runs":[],"enable_notifications":true,"notification_types":{"success":true,"warning":true,"failure":true},"retention_policy":{"days":1},"project_name":"WeirPOC","asset_ref":"de1fb9cf-fb1d-41e6-bad1-6f09efba3dba","schedule_id":"","schedule_creator_id":""}}}