{"metadata":{"asset_id":"47cec2eb-3235-4b3e-ad70-81fde58dd32e","asset_attributes":["job"],"name":"metadat_Import_004 job","asset_type":"job","created_at":"2022-12-08T14:44:47Z","description":"","origin_country":"us","owner_id":"1000330999","project_id":"dfc57498-eec6-4d58-bbb8-f57f29b14aba","size":0,"usage":{"last_update_time":1670510687899,"last_updated_at":"2022-12-08T14:44:47Z"}},"entity":{"job":{"asset_ref_type":"metadata_import","configuration":{"env_type":"","env_variables":[]},"last_run_initiator":"None","last_run_time":"","last_run_status":"None","last_run_status_timestamp":0,"future_scheduled_runs":[],"enable_notifications":true,"project_name":"WeirPOC","asset_ref":"ab65e046-4304-44ee-98f0-8b13b8b5645f","schedule_id":"","schedule_creator_id":""}}}