{"metadata":{"asset_id":"ef19933f-bfbf-490d-aac8-c64c587a5351","asset_attributes":["job"],"name":"job_Refine_0001","asset_type":"job","created_at":"2022-12-02T15:58:07Z","description":"","origin_country":"us","owner_id":"1000330999","project_id":"dfc57498-eec6-4d58-bbb8-f57f29b14aba","size":0,"usage":{"last_update_time":1669996687382,"last_updated_at":"2022-12-02T15:58:07Z"}},"entity":{"job":{"asset_ref_type":"data_flow","configuration":{"env_id":"shaper_rruntime","env_name":"Default Data Refinery XS","env_type":"shaper_rruntime","env_variables":[]},"last_run_initiator":"None","last_run_time":"","last_run_status":"None","last_run_status_timestamp":0,"future_scheduled_runs":[],"enable_notifications":true,"notification_types":{"success":false,"failure":false,"warning":false},"retention_policy":{},"project_name":"WeirPOC","asset_ref":"b88bd888-9791-4f96-b363-49c68f57e786","schedule_id":"","schedule_creator_id":""}}}