{"metadata":{"asset_id":"d197d2a8-4087-4056-97a1-cbc759b0367f","asset_attributes":["job"],"name":"job_Refine_ConsumptionReadings","asset_type":"job","created_at":"2022-12-02T16:20:45Z","description":"","origin_country":"us","owner_id":"1000330999","project_id":"dfc57498-eec6-4d58-bbb8-f57f29b14aba","size":0,"usage":{"last_update_time":1669998045715,"last_updated_at":"2022-12-02T16:20:45Z"}},"entity":{"job":{"asset_ref_type":"data_flow","configuration":{"env_id":"shaper_rruntime","env_name":"Default Data Refinery XS","env_type":"shaper_rruntime","env_variables":[]},"last_run_initiator":"None","last_run_time":"","last_run_status":"None","last_run_status_timestamp":0,"future_scheduled_runs":[],"enable_notifications":true,"notification_types":{"success":false,"failure":false,"warning":false},"retention_policy":{},"project_name":"WeirPOC","asset_ref":"f39e9f2c-2254-4c8b-908a-0f6ec15bd91f","schedule_id":"","schedule_creator_id":""}}}