{"metadata":{"asset_id":"75807986-c570-42a7-b698-6580da8c8f5e","asset_attributes":["job"],"name":"md_dimRegion_publish_job","asset_type":"job","created_at":"2022-11-29T17:59:51Z","origin_country":"us","owner_id":"1000330999","project_id":"dfc57498-eec6-4d58-bbb8-f57f29b14aba","size":0,"usage":{"last_update_time":1669744791460,"last_updated_at":"2022-11-29T17:59:51Z"}},"entity":{"job":{"asset_ref_type":"metadata_enrichment_area_publish","configuration":{"metadata_enrichment_area_id":"9b624c11-37d1-4371-9c3d-2216172be5af","env_type":"metadata_enrichment_area_publish","env_variables":[]},"last_run_initiator":"None","last_run_time":"","last_run_status":"None","last_run_status_timestamp":0,"future_scheduled_runs":[],"enable_notifications":true,"project_name":"WeirPOC","schedule_id":"","schedule_creator_id":""}}}