{"metadata":{"asset_id":"e8a83c77-eaf2-46bf-aef5-fd85069ceea7","asset_attributes":["job"],"name":"Initial_Import job","asset_type":"job","created_at":"2022-12-09T10:58:06Z","description":"","origin_country":"us","owner_id":"1000330999","project_id":"dfc57498-eec6-4d58-bbb8-f57f29b14aba","size":0,"usage":{"last_update_time":1670583486920,"last_updated_at":"2022-12-09T10:58:06Z"}},"entity":{"job":{"asset_ref_type":"metadata_import","configuration":{"env_type":"","env_variables":[]},"last_run_initiator":"None","last_run_time":"","last_run_status":"None","last_run_status_timestamp":0,"future_scheduled_runs":[],"enable_notifications":true,"project_name":"WeirPOC","asset_ref":"20d607b5-595e-4982-bba8-40bbf105bd01","schedule_id":"","schedule_creator_id":""}}}