{"metadata":{"asset_id":"343d90db-fa89-415e-b04d-fa3966cacbae","asset_attributes":["job"],"name":"md_enrich_dimFacility","asset_type":"job","created_at":"2022-11-28T11:30:21Z","origin_country":"us","owner_id":"1000330999","project_id":"dfc57498-eec6-4d58-bbb8-f57f29b14aba","size":0,"usage":{"last_update_time":1669635023416,"last_updated_at":"2022-11-28T11:30:23Z"}},"entity":{"job":{"asset_ref_type":"metadata_enrichment_area","configuration":{"env_type":"","env_variables":[]},"schedule_info":{},"last_run_initiator":"None","last_run_time":"","last_run_status":"None","last_run_status_timestamp":0,"future_scheduled_runs":[],"enable_notifications":true,"project_name":"WeirPOC","asset_ref":"0dc56ddb-6736-44a8-b954-c61d602b505d","schedule_id":"","schedule_creator_id":""}}}