{"metadata":{"asset_id":"80cc9b63-baf6-4c08-b766-d8b22429a375","asset_attributes":["job"],"name":"md_dimDivision_publish_job","asset_type":"job","created_at":"2022-11-29T18:15:59Z","origin_country":"us","owner_id":"1000330999","project_id":"dfc57498-eec6-4d58-bbb8-f57f29b14aba","size":0,"usage":{"last_update_time":1669745759485,"last_updated_at":"2022-11-29T18:15:59Z"}},"entity":{"job":{"asset_ref_type":"metadata_enrichment_area_publish","configuration":{"metadata_enrichment_area_id":"d171ca69-45d8-4dab-a0ff-d6cdc0fa3792","env_type":"metadata_enrichment_area_publish","env_variables":[]},"last_run_initiator":"None","last_run_time":"","last_run_status":"None","last_run_status_timestamp":0,"future_scheduled_runs":[],"enable_notifications":true,"project_name":"WeirPOC","schedule_id":"","schedule_creator_id":""}}}