{"metadata":{"asset_id":"8f4dc513-371c-4e0f-b22b-d62f5d4742b8","asset_attributes":["job_run"],"name":"job run","asset_type":"job_run","created_at":"2022-12-09T10:58:21Z","origin_country":"us","owner_id":"1000330999","project_id":"dfc57498-eec6-4d58-bbb8-f57f29b14aba","size":0,"usage":{"last_update_time":1670583555811,"last_updated_at":"2022-12-09T10:59:15Z"}},"entity":{"job_run":{"job_ref":"e8a83c77-eaf2-46bf-aef5-fd85069ceea7","job_name":"Initial_Import job","job_type":"metadata_import","state":"Completed","isScheduledRun":false,"configuration":{"env_type":"","env_variables":[],"discovery":{"metadata":{"id":"6f491820-102b-4c72-a3d9-51d2283b5d70","invoked_by":"1000330999","bss_account_id":"999","created_at":1670583507840,"started_at":1670583509919,"discovered_at":1670583532000,"processed_at":1670583538264,"finished_at":1670583548236},"entity":{"statistics":{"discovered":11,"discovered_with_children":11,"submit_succ":11,"create_succ":11,"create_succ_with_children":11},"status":"COMPLETED","connection_id":"08f2cdd6-1f0b-4cde-a3c6-ea4535f3e26e","catalog_id":"3a53b3cb-ae4e-4b53-a36c-24d667336ede","target_catalog_id":"3a53b3cb-ae4e-4b53-a36c-24d667336ede","project_id":"dfc57498-eec6-4d58-bbb8-f57f29b14aba","job_id":"e8a83c77-eaf2-46bf-aef5-fd85069ceea7","job_run_id":"8f4dc513-371c-4e0f-b22b-d62f5d4742b8","metadata_import_id":"20d607b5-595e-4982-bba8-40bbf105bd01","import_type":"metadata","scope":{"paths":["/Asset_I/dimFacility","/BusinessEntity_I/dimCompany","/BusinessEntity_I/dimDivision","/BusinessEntity_I/dimRegion","/General_I/dimDate","/EnvironmentalSustainability/Consumption Reading","/EnvironmentalSustainability_I/factConsumptionReading","/LandingStrata_I/LocationEmissionsData","/LandingStrata_I/MarketEmissionsData","/Location_I/dimLocation","/EnvironmentalSustainability/ConsumptionReadingHeader"]}}}},"project_name":"WeirPOC","runtime_job_id":"6f491820-102b-4c72-a3d9-51d2283b5d70","last_state_change_timestamp":"2022-12-09T10:59:14Z","duration":43}},"attachments":[{"id":"b8114def-659b-47ba-92bf-88fa17b1f88a","version":2,"asset_type":"job_run","name":"8f4dc513-371c-4e0f-b22b-d62f5d4742b8","description":"log for job run 8f4dc513-371c-4e0f-b22b-d62f5d4742b8","mime":"application/json","datasource_type":"81bafdbd-b7c6-45c5-a4fd-6ec135f66f4e","object_key":"job_run/log/8f4dc513-371c-4e0f-b22b-d62f5d4742b8","creator_id":"icp4d-dev","create_time":1670583555032,"size":0,"is_remote":false,"is_managed":false,"is_referenced":true,"is_object_key_read_only":false,"is_user_provided_path_key":true,"transfer_complete":true,"is_partitioned":true,"complete_time_ticks":1670583555032,"user_data":{},"test_doc":0,"handle":{"key":"job_run/log/8f4dc513-371c-4e0f-b22b-d62f5d4742b8","upload_id":"done","max_part_num":1},"usage":{"access_count":0,"last_accessor_id":"icp4d-dev","last_access_time":1670583555032}}]}