{"metadata":{"asset_id":"3123edf7-7ffe-4073-ba78-aa8f03db0941","asset_attributes":["job_run"],"name":"job run","asset_type":"job_run","created_at":"2022-11-29T16:16:31Z","origin_country":"us","owner_id":"1000330999","project_id":"dfc57498-eec6-4d58-bbb8-f57f29b14aba","size":530,"usage":{"last_update_time":1669738726126,"last_updated_at":"2022-11-29T16:18:46Z"}},"entity":{"job_run":{"job_ref":"6a95e377-85a0-41eb-bbeb-3cdcfa9b26c2","job_name":"md_dimRegion","job_type":"metadata_enrichment_area","state":"Completed","isScheduledRun":false,"configuration":{"env_type":"","env_variables":[]},"project_name":"WeirPOC","last_state_change_timestamp":"2022-11-29T16:18:45Z","duration":133}},"attachments":[{"id":"8eddfc4c-5524-4fb5-980c-919a80d6dd2d","version":2,"asset_type":"job_run","name":"jobRunLog_119b8ee9-28d6-47ed-b3b3-ad3423d7ffcf","mime":"text/plain","datasource_type":"81bafdbd-b7c6-45c5-a4fd-6ec135f66f4e","object_key":"mdesm/jobRunLog_119b8ee9-28d6-47ed-b3b3-ad3423d7ffcf.txt","creator_id":"icp4d-dev","create_time":1669738724951,"size":530,"is_remote":false,"is_managed":false,"is_referenced":true,"is_object_key_read_only":false,"is_user_provided_path_key":true,"transfer_complete":true,"is_partitioned":false,"complete_time_ticks":1669738724951,"user_data":{},"test_doc":0,"handle":{"key":"mdesm/jobRunLog_119b8ee9-28d6-47ed-b3b3-ad3423d7ffcf.txt","upload_id":"done","max_part_num":1},"usage":{"access_count":0,"last_accessor_id":"icp4d-dev","last_access_time":1669738724951}},{"id":"ec371f82-0a17-422a-bd30-6d8a69b45e2b","version":2,"asset_type":"job_run","name":"3123edf7-7ffe-4073-ba78-aa8f03db0941","description":"log for job run 3123edf7-7ffe-4073-ba78-aa8f03db0941","mime":"application/json","datasource_type":"81bafdbd-b7c6-45c5-a4fd-6ec135f66f4e","object_key":"mdesm/jobRunLog_119b8ee9-28d6-47ed-b3b3-ad3423d7ffcf.txt","creator_id":"icp4d-dev","create_time":1669738725374,"size":0,"is_remote":false,"is_managed":false,"is_referenced":true,"is_object_key_read_only":false,"is_user_provided_path_key":true,"transfer_complete":true,"is_partitioned":true,"complete_time_ticks":1669738725374,"user_data":{},"test_doc":0,"handle":{"key":"mdesm/jobRunLog_119b8ee9-28d6-47ed-b3b3-ad3423d7ffcf.txt","upload_id":"done","max_part_num":1},"usage":{"access_count":0,"last_accessor_id":"icp4d-dev","last_access_time":1669738725374}}]}