{"metadata":{"asset_id":"5cf9bad9-a64e-41f2-b5b5-23731c244b18","asset_attributes":["job_run"],"name":"job run","asset_type":"job_run","created_at":"2022-12-02T17:10:23Z","origin_country":"us","owner_id":"1000330999","project_id":"dfc57498-eec6-4d58-bbb8-f57f29b14aba","size":0,"usage":{"last_update_time":1670001117823,"last_updated_at":"2022-12-02T17:11:57Z"}},"entity":{"job_run":{"job_ref":"9b24a41c-16b9-487c-ab42-313c0b62d15c","job_name":"jb000001","job_type":"data_flow","state":"Completed","isScheduledRun":false,"configuration":{"env_id":"shaper_rruntime","env_name":"Default Data Refinery XS","env_type":"shaper_rruntime","env_variables":[],"asset_ref":"72eee505-74d3-4067-9880-1b8aedffdfbb","nodes":[{"id":"source1","data_asset":{"properties":{"schema_name":"EnvironmentalSustainability","table_name":"Consumption Reading"},"ref":"4814bda8-d3b7-45b0-9ec4-8d4a586bea18"},"nodeType":"source"},{"id":"target1","data_asset":{"properties":{"file_format":"csv","mode":"overwrite","first_line_header":true,"name":"Consumption Reading_shaped"}},"nodeType":"target"}],"outputs":{"total_rows_read":45793,"total_bytes_read":12888341,"total_bytes_written":13071513,"total_rows_written":45793,"engine_elapsed_secs":66}},"project_name":"WeirPOC","runtime_job_id":"e6746aab-ee6f-4f94-83b7-063302c80790","last_state_change_timestamp":"2022-12-02T17:11:54Z","duration":66,"data_flow_job_output":{"total_rows_read":45793,"total_bytes_read":12888341,"total_bytes_written":13071513,"total_rows_written":45793,"engine_elapsed_secs":66}}},"attachments":[{"id":"898124ad-b0de-4dc7-b643-b839d986ddbc","version":2,"asset_type":"job_run","name":"5cf9bad9-a64e-41f2-b5b5-23731c244b18","description":"log for job run 5cf9bad9-a64e-41f2-b5b5-23731c244b18","mime":"application/json","datasource_type":"81bafdbd-b7c6-45c5-a4fd-6ec135f66f4e","object_key":"job_run/log/5cf9bad9-a64e-41f2-b5b5-23731c244b18","creator_id":"1000330999","create_time":1670001115479,"size":0,"is_remote":false,"is_managed":false,"is_referenced":true,"is_object_key_read_only":false,"is_user_provided_path_key":true,"transfer_complete":true,"is_partitioned":true,"complete_time_ticks":1670001115479,"user_data":{},"test_doc":0,"handle":{"key":"job_run/log/5cf9bad9-a64e-41f2-b5b5-23731c244b18","upload_id":"done","max_part_num":1},"usage":{"access_count":0,"last_accessor_id":"1000330999","last_access_time":1670001115479}}]}