{"metadata":{"asset_id":"2682a88b-7651-461c-90d1-b4942f571ada","asset_attributes":["job_run"],"name":"job run","asset_type":"job_run","created_at":"2022-12-02T15:58:08Z","origin_country":"us","owner_id":"1000330999","project_id":"dfc57498-eec6-4d58-bbb8-f57f29b14aba","size":0,"usage":{"last_update_time":1669996784986,"last_updated_at":"2022-12-02T15:59:44Z"}},"entity":{"job_run":{"job_ref":"ef19933f-bfbf-490d-aac8-c64c587a5351","job_name":"job_Refine_0001","job_type":"data_flow","state":"Completed","isScheduledRun":false,"configuration":{"env_id":"shaper_rruntime","env_name":"Default Data Refinery XS","env_type":"shaper_rruntime","env_variables":[],"asset_ref":"b88bd888-9791-4f96-b363-49c68f57e786","nodes":[{"id":"source1","data_asset":{"properties":{"schema_name":"EnvironmentalSustainability","table_name":"Consumption Reading"},"ref":"4814bda8-d3b7-45b0-9ec4-8d4a586bea18"},"nodeType":"source"},{"id":"target1","data_asset":{"properties":{"file_format":"csv","mode":"overwrite","first_line_header":true,"name":"Consumption Reading_shaped"}},"nodeType":"target"}],"outputs":{"total_rows_read":45793,"total_bytes_read":12888341,"total_bytes_written":2482928,"total_rows_written":8819,"engine_elapsed_secs":69}},"project_name":"WeirPOC","runtime_job_id":"b73f1980-de80-438f-b401-1bc7d05485e5","last_state_change_timestamp":"2022-12-02T15:59:44Z","duration":69,"data_flow_job_output":{"total_rows_read":45793,"total_bytes_read":12888341,"total_bytes_written":2482928,"total_rows_written":8819,"engine_elapsed_secs":69}}},"attachments":[{"id":"b858c979-ba37-46e6-a40a-23941d50a482","version":2,"asset_type":"job_run","name":"2682a88b-7651-461c-90d1-b4942f571ada","description":"log for job run 2682a88b-7651-461c-90d1-b4942f571ada","mime":"application/json","datasource_type":"81bafdbd-b7c6-45c5-a4fd-6ec135f66f4e","object_key":"job_run/log/2682a88b-7651-461c-90d1-b4942f571ada","creator_id":"1000330999","create_time":1669996784710,"size":0,"is_remote":false,"is_managed":false,"is_referenced":true,"is_object_key_read_only":false,"is_user_provided_path_key":true,"transfer_complete":true,"is_partitioned":true,"complete_time_ticks":1669996784710,"user_data":{},"test_doc":0,"handle":{"key":"job_run/log/2682a88b-7651-461c-90d1-b4942f571ada","upload_id":"done","max_part_num":1},"usage":{"access_count":0,"last_accessor_id":"1000330999","last_access_time":1669996784710}}]}