{"metadata":{"asset_id":"f0b20c31-09ee-4c58-89b1-ff4132fb3694","asset_attributes":["job_run"],"name":"job run","asset_type":"job_run","created_at":"2022-12-08T14:44:50Z","origin_country":"us","owner_id":"1000330999","project_id":"dfc57498-eec6-4d58-bbb8-f57f29b14aba","size":0,"usage":{"last_update_time":1670510699107,"last_updated_at":"2022-12-08T14:44:59Z"}},"entity":{"job_run":{"job_ref":"47cec2eb-3235-4b3e-ad70-81fde58dd32e","job_name":"metadat_Import_004 job","job_type":"metadata_import","state":"Running","isScheduledRun":false,"configuration":{"env_type":"","env_variables":[]},"project_name":"WeirPOC","runtime_job_id":"3e2b871d-c00a-4ed7-a13c-8f1ce1626d11","last_state_change_timestamp":"2022-12-08T14:44:59Z"}}}