{"metadata":{"asset_id":"567758a9-a9ff-4d4e-a22b-4aa0413a640d","asset_attributes":["job_run"],"name":"job run","asset_type":"job_run","created_at":"2022-11-23T16:36:57Z","origin_country":"us","owner_id":"1000330999","project_id":"dfc57498-eec6-4d58-bbb8-f57f29b14aba","size":530,"usage":{"last_update_time":1669221473248,"last_updated_at":"2022-11-23T16:37:53Z"}},"entity":{"job_run":{"job_ref":"b5e5780c-c480-4175-be74-d02b0b53087a","job_name":"metest","job_type":"metadata_enrichment_area","state":"Completed","isScheduledRun":false,"configuration":{"env_type":"","env_variables":[]},"project_name":"WeirPOC","last_state_change_timestamp":"2022-11-23T16:37:53Z","duration":55}},"attachments":[{"id":"4abfde16-375a-42a2-8970-d313ccb1abe4","version":2,"asset_type":"job_run","name":"jobRunLog_bcf9f40a-a6cb-492d-9c73-d227654d3b07","mime":"text/plain","datasource_type":"81bafdbd-b7c6-45c5-a4fd-6ec135f66f4e","object_key":"mdesm/jobRunLog_bcf9f40a-a6cb-492d-9c73-d227654d3b07.txt","creator_id":"icp4d-dev","create_time":1669221472761,"size":530,"is_remote":false,"is_managed":false,"is_referenced":true,"is_object_key_read_only":false,"is_user_provided_path_key":true,"transfer_complete":true,"is_partitioned":false,"complete_time_ticks":1669221472761,"user_data":{},"test_doc":0,"handle":{"key":"mdesm/jobRunLog_bcf9f40a-a6cb-492d-9c73-d227654d3b07.txt","upload_id":"done","max_part_num":1},"usage":{"access_count":0,"last_accessor_id":"icp4d-dev","last_access_time":1669221472761}},{"id":"212e8ed1-dce1-4b5d-b502-85e375b09310","version":2,"asset_type":"job_run","name":"567758a9-a9ff-4d4e-a22b-4aa0413a640d","description":"log for job run 567758a9-a9ff-4d4e-a22b-4aa0413a640d","mime":"application/json","datasource_type":"81bafdbd-b7c6-45c5-a4fd-6ec135f66f4e","object_key":"mdesm/jobRunLog_bcf9f40a-a6cb-492d-9c73-d227654d3b07.txt","creator_id":"icp4d-dev","create_time":1669221473122,"size":0,"is_remote":false,"is_managed":false,"is_referenced":true,"is_object_key_read_only":false,"is_user_provided_path_key":true,"transfer_complete":true,"is_partitioned":true,"complete_time_ticks":1669221473122,"user_data":{},"test_doc":0,"handle":{"key":"mdesm/jobRunLog_bcf9f40a-a6cb-492d-9c73-d227654d3b07.txt","upload_id":"done","max_part_num":1},"usage":{"access_count":0,"last_accessor_id":"icp4d-dev","last_access_time":1669221473122}}]}