{"metadata":{"asset_id":"10790ce1-685c-44c4-9522-c5c310881a18","asset_attributes":["job_run"],"name":"job run","asset_type":"job_run","created_at":"2022-12-02T16:20:46Z","origin_country":"us","owner_id":"1000330999","project_id":"dfc57498-eec6-4d58-bbb8-f57f29b14aba","size":0,"usage":{"last_update_time":1669998137658,"last_updated_at":"2022-12-02T16:22:17Z"}},"entity":{"job_run":{"job_ref":"d197d2a8-4087-4056-97a1-cbc759b0367f","job_name":"job_Refine_ConsumptionReadings","job_type":"data_flow","state":"Completed","isScheduledRun":false,"configuration":{"env_id":"shaper_rruntime","env_name":"Default Data Refinery XS","env_type":"shaper_rruntime","env_variables":[],"asset_ref":"f39e9f2c-2254-4c8b-908a-0f6ec15bd91f","nodes":[{"id":"source1","data_asset":{"properties":{"schema_name":"EnvironmentalSustainability","table_name":"Consumption Reading"},"ref":"4814bda8-d3b7-45b0-9ec4-8d4a586bea18"},"nodeType":"source"},{"id":"target1","data_asset":{"properties":{"file_format":"csv","mode":"overwrite","first_line_header":true,"name":"Consumption Reading_shaped"}},"nodeType":"target"}],"outputs":{"total_rows_read":45793,"total_bytes_read":12888341,"total_bytes_written":13071513,"total_rows_written":45793,"engine_elapsed_secs":63}},"project_name":"WeirPOC","runtime_job_id":"81bbe8ae-1928-46c8-bb12-ed8478bc2068","last_state_change_timestamp":"2022-12-02T16:22:16Z","duration":63,"data_flow_job_output":{"total_rows_read":45793,"total_bytes_read":12888341,"total_bytes_written":13071513,"total_rows_written":45793,"engine_elapsed_secs":63}}},"attachments":[{"id":"85af0b29-9f9f-4a8c-9cec-c9daccde3234","version":2,"asset_type":"job_run","name":"10790ce1-685c-44c4-9522-c5c310881a18","description":"log for job run 10790ce1-685c-44c4-9522-c5c310881a18","mime":"application/json","datasource_type":"81bafdbd-b7c6-45c5-a4fd-6ec135f66f4e","object_key":"job_run/log/10790ce1-685c-44c4-9522-c5c310881a18","creator_id":"1000330999","create_time":1669998137433,"size":0,"is_remote":false,"is_managed":false,"is_referenced":true,"is_object_key_read_only":false,"is_user_provided_path_key":true,"transfer_complete":true,"is_partitioned":true,"complete_time_ticks":1669998137433,"user_data":{},"test_doc":0,"handle":{"key":"job_run/log/10790ce1-685c-44c4-9522-c5c310881a18","upload_id":"done","max_part_num":1},"usage":{"access_count":0,"last_accessor_id":"1000330999","last_access_time":1669998137433}}]}