{"metadata":{"asset_id":"76f2ad96-cf69-491d-b389-d344073da345","asset_attributes":["job_run"],"name":"job run","asset_type":"job_run","created_at":"2022-12-02T16:48:58Z","origin_country":"us","owner_id":"1000330999","project_id":"dfc57498-eec6-4d58-bbb8-f57f29b14aba","size":0,"usage":{"last_update_time":1669999826989,"last_updated_at":"2022-12-02T16:50:26Z"}},"entity":{"job_run":{"job_ref":"4c67599e-bdaa-43ea-8378-bd0244d788b0","job_name":"job_CR003","job_type":"data_flow","state":"Completed","isScheduledRun":false,"configuration":{"env_id":"shaper_rruntime","env_name":"Default Data Refinery XS","env_type":"shaper_rruntime","env_variables":[],"asset_ref":"72eee505-74d3-4067-9880-1b8aedffdfbb","nodes":[{"id":"source1","data_asset":{"properties":{"schema_name":"EnvironmentalSustainability","table_name":"Consumption Reading"},"ref":"4814bda8-d3b7-45b0-9ec4-8d4a586bea18"},"nodeType":"source"},{"id":"target1","data_asset":{"properties":{"file_format":"csv","mode":"overwrite","first_line_header":true,"name":"Consumption Reading_shaped"}},"nodeType":"target"}],"outputs":{"total_rows_read":45793,"total_bytes_read":12888341,"total_bytes_written":2474109,"total_rows_written":8819,"engine_elapsed_secs":60}},"project_name":"WeirPOC","runtime_job_id":"6704623b-79a5-4939-96dd-d8a14e69fe57","last_state_change_timestamp":"2022-12-02T16:50:26Z","duration":60,"data_flow_job_output":{"total_rows_read":45793,"total_bytes_read":12888341,"total_bytes_written":2474109,"total_rows_written":8819,"engine_elapsed_secs":60}}},"attachments":[{"id":"ebaf9759-99d3-4ec3-bc77-6b0bc3d4309f","version":2,"asset_type":"job_run","name":"76f2ad96-cf69-491d-b389-d344073da345","description":"log for job run 76f2ad96-cf69-491d-b389-d344073da345","mime":"application/json","datasource_type":"81bafdbd-b7c6-45c5-a4fd-6ec135f66f4e","object_key":"job_run/log/76f2ad96-cf69-491d-b389-d344073da345","creator_id":"1000330999","create_time":1669999826746,"size":0,"is_remote":false,"is_managed":false,"is_referenced":true,"is_object_key_read_only":false,"is_user_provided_path_key":true,"transfer_complete":true,"is_partitioned":true,"complete_time_ticks":1669999826746,"user_data":{},"test_doc":0,"handle":{"key":"job_run/log/76f2ad96-cf69-491d-b389-d344073da345","upload_id":"done","max_part_num":1},"usage":{"access_count":0,"last_accessor_id":"1000330999","last_access_time":1669999826746}}]}