{"metadata":{"asset_id":"9915ddd4-4ca6-42b7-a000-e58af80924c9","asset_attributes":["job_run"],"name":"job run","asset_type":"job_run","created_at":"2022-11-24T15:21:04Z","origin_country":"us","owner_id":"1000330999","project_id":"dfc57498-eec6-4d58-bbb8-f57f29b14aba","size":530,"usage":{"last_update_time":1669303417302,"last_updated_at":"2022-11-24T15:23:37Z"}},"entity":{"job_run":{"job_ref":"11bd6cd9-cbb5-40e4-b167-0bfa3e42dc3f","job_name":"MetaData_Enrich_001","job_type":"metadata_enrichment_area","state":"Completed","isScheduledRun":false,"configuration":{"env_type":"","env_variables":[],"metadata_enrichment_assets":[{"asset_id":"6598bd0a-090f-478d-97b5-100823fec5f2","name":"dimFacility_shaped"}]},"project_name":"WeirPOC","last_state_change_timestamp":"2022-11-24T15:23:37Z","duration":150}},"attachments":[{"id":"d6fcd27c-dce1-40a4-be64-624ab7481f28","version":2,"asset_type":"job_run","name":"jobRunLog_b978bd8f-14c1-47e0-ad9d-e4a7381cfb65","mime":"text/plain","datasource_type":"81bafdbd-b7c6-45c5-a4fd-6ec135f66f4e","object_key":"mdesm/jobRunLog_b978bd8f-14c1-47e0-ad9d-e4a7381cfb65.txt","creator_id":"icp4d-dev","create_time":1669303416194,"size":530,"is_remote":false,"is_managed":false,"is_referenced":true,"is_object_key_read_only":false,"is_user_provided_path_key":true,"transfer_complete":true,"is_partitioned":false,"complete_time_ticks":1669303416194,"user_data":{},"test_doc":0,"handle":{"key":"mdesm/jobRunLog_b978bd8f-14c1-47e0-ad9d-e4a7381cfb65.txt","upload_id":"done","max_part_num":1},"usage":{"access_count":0,"last_accessor_id":"icp4d-dev","last_access_time":1669303416194}},{"id":"9e8cc016-c8fb-4bc3-b9e4-6a99ba7ae928","version":2,"asset_type":"job_run","name":"9915ddd4-4ca6-42b7-a000-e58af80924c9","description":"log for job run 9915ddd4-4ca6-42b7-a000-e58af80924c9","mime":"application/json","datasource_type":"81bafdbd-b7c6-45c5-a4fd-6ec135f66f4e","object_key":"mdesm/jobRunLog_b978bd8f-14c1-47e0-ad9d-e4a7381cfb65.txt","creator_id":"icp4d-dev","create_time":1669303417196,"size":0,"is_remote":false,"is_managed":false,"is_referenced":true,"is_object_key_read_only":false,"is_user_provided_path_key":true,"transfer_complete":true,"is_partitioned":true,"complete_time_ticks":1669303417196,"user_data":{},"test_doc":0,"handle":{"key":"mdesm/jobRunLog_b978bd8f-14c1-47e0-ad9d-e4a7381cfb65.txt","upload_id":"done","max_part_num":1},"usage":{"access_count":0,"last_accessor_id":"icp4d-dev","last_access_time":1669303417196}}]}