{"metadata":{"asset_id":"b2d97884-754a-4495-bee4-47174a5ddb22","asset_attributes":["job_run"],"name":"job run","asset_type":"job_run","created_at":"2022-11-24T15:16:33Z","origin_country":"us","owner_id":"1000330999","project_id":"dfc57498-eec6-4d58-bbb8-f57f29b14aba","size":530,"usage":{"last_update_time":1669303198699,"last_updated_at":"2022-11-24T15:19:58Z"}},"entity":{"job_run":{"job_ref":"11bd6cd9-cbb5-40e4-b167-0bfa3e42dc3f","job_name":"MetaData_Enrich_001","job_type":"metadata_enrichment_area","state":"Completed","isScheduledRun":false,"configuration":{"env_type":"","env_variables":[]},"project_name":"WeirPOC","last_state_change_timestamp":"2022-11-24T15:19:58Z","duration":204}},"attachments":[{"id":"2d6a2a64-a05d-4ea0-b5fd-dd4dd5b9db6a","version":2,"asset_type":"job_run","name":"jobRunLog_7f9cf0df-0915-4ab7-b578-46f01206f80c","mime":"text/plain","datasource_type":"81bafdbd-b7c6-45c5-a4fd-6ec135f66f4e","object_key":"mdesm/jobRunLog_7f9cf0df-0915-4ab7-b578-46f01206f80c.txt","creator_id":"icp4d-dev","create_time":1669303198157,"size":530,"is_remote":false,"is_managed":false,"is_referenced":true,"is_object_key_read_only":false,"is_user_provided_path_key":true,"transfer_complete":true,"is_partitioned":false,"complete_time_ticks":1669303198157,"user_data":{},"test_doc":0,"handle":{"key":"mdesm/jobRunLog_7f9cf0df-0915-4ab7-b578-46f01206f80c.txt","upload_id":"done","max_part_num":1},"usage":{"access_count":0,"last_accessor_id":"icp4d-dev","last_access_time":1669303198157}},{"id":"d8a99689-714f-45ec-a2f0-28b9ca7687e5","version":2,"asset_type":"job_run","name":"b2d97884-754a-4495-bee4-47174a5ddb22","description":"log for job run b2d97884-754a-4495-bee4-47174a5ddb22","mime":"application/json","datasource_type":"81bafdbd-b7c6-45c5-a4fd-6ec135f66f4e","object_key":"mdesm/jobRunLog_7f9cf0df-0915-4ab7-b578-46f01206f80c.txt","creator_id":"icp4d-dev","create_time":1669303198601,"size":0,"is_remote":false,"is_managed":false,"is_referenced":true,"is_object_key_read_only":false,"is_user_provided_path_key":true,"transfer_complete":true,"is_partitioned":true,"complete_time_ticks":1669303198601,"user_data":{},"test_doc":0,"handle":{"key":"mdesm/jobRunLog_7f9cf0df-0915-4ab7-b578-46f01206f80c.txt","upload_id":"done","max_part_num":1},"usage":{"access_count":0,"last_accessor_id":"icp4d-dev","last_access_time":1669303198601}}]}