{"metadata":{"asset_id":"4a43195b-601e-40a4-9688-3b15571603af","asset_attributes":["job_run"],"name":"job run","asset_type":"job_run","created_at":"2022-11-28T11:30:24Z","origin_country":"us","owner_id":"1000330999","project_id":"dfc57498-eec6-4d58-bbb8-f57f29b14aba","size":530,"usage":{"last_update_time":1669635183606,"last_updated_at":"2022-11-28T11:33:03Z"}},"entity":{"job_run":{"job_ref":"343d90db-fa89-415e-b04d-fa3966cacbae","job_name":"md_enrich_dimFacility","job_type":"metadata_enrichment_area","state":"Completed","isScheduledRun":false,"configuration":{"env_type":"","env_variables":[]},"project_name":"WeirPOC","last_state_change_timestamp":"2022-11-28T11:33:03Z","duration":158}},"attachments":[{"id":"d3f30522-8acc-453e-b572-f84578f119c8","version":2,"asset_type":"job_run","name":"jobRunLog_9c18b22c-f3f2-4a6b-9cc1-2ea40f7b3702","mime":"text/plain","datasource_type":"81bafdbd-b7c6-45c5-a4fd-6ec135f66f4e","object_key":"mdesm/jobRunLog_9c18b22c-f3f2-4a6b-9cc1-2ea40f7b3702.txt","creator_id":"icp4d-dev","create_time":1669635183079,"size":530,"is_remote":false,"is_managed":false,"is_referenced":true,"is_object_key_read_only":false,"is_user_provided_path_key":true,"transfer_complete":true,"is_partitioned":false,"complete_time_ticks":1669635183079,"user_data":{},"test_doc":0,"handle":{"key":"mdesm/jobRunLog_9c18b22c-f3f2-4a6b-9cc1-2ea40f7b3702.txt","upload_id":"done","max_part_num":1},"usage":{"access_count":0,"last_accessor_id":"icp4d-dev","last_access_time":1669635183079}},{"id":"4f9f2167-e9a8-4c8e-98a4-1d081b34012b","version":2,"asset_type":"job_run","name":"4a43195b-601e-40a4-9688-3b15571603af","description":"log for job run 4a43195b-601e-40a4-9688-3b15571603af","mime":"application/json","datasource_type":"81bafdbd-b7c6-45c5-a4fd-6ec135f66f4e","object_key":"mdesm/jobRunLog_9c18b22c-f3f2-4a6b-9cc1-2ea40f7b3702.txt","creator_id":"icp4d-dev","create_time":1669635183399,"size":0,"is_remote":false,"is_managed":false,"is_referenced":true,"is_object_key_read_only":false,"is_user_provided_path_key":true,"transfer_complete":true,"is_partitioned":true,"complete_time_ticks":1669635183399,"user_data":{},"test_doc":0,"handle":{"key":"mdesm/jobRunLog_9c18b22c-f3f2-4a6b-9cc1-2ea40f7b3702.txt","upload_id":"done","max_part_num":1},"usage":{"access_count":0,"last_accessor_id":"icp4d-dev","last_access_time":1669635183399}}]}