{"metadata":{"asset_id":"95abb781-32ee-4bca-ac30-9f03fa8313df","asset_attributes":["job_run"],"name":"job run","asset_type":"job_run","created_at":"2022-11-25T09:36:16Z","origin_country":"us","owner_id":"1000330999","project_id":"dfc57498-eec6-4d58-bbb8-f57f29b14aba","size":530,"usage":{"last_update_time":1669369040585,"last_updated_at":"2022-11-25T09:37:20Z"}},"entity":{"job_run":{"job_ref":"e6066c1b-8608-422f-b2bb-f634cf84bff4","job_name":"Me_Term-002","job_type":"metadata_enrichment_area","state":"Completed","isScheduledRun":false,"configuration":{"env_type":"","env_variables":[],"metadata_enrichment_assets":[{"asset_id":"3604ae5f-072f-4fc7-ba02-83b03bd061fb","name":"dimFacility"}]},"project_name":"WeirPOC","last_state_change_timestamp":"2022-11-25T09:37:18Z","duration":60}},"attachments":[{"id":"bc3058fc-8b52-4663-91a8-d4eda0e8ff25","version":2,"asset_type":"job_run","name":"jobRunLog_a98b12b7-8547-453c-989e-21c27e0450ee","mime":"text/plain","datasource_type":"81bafdbd-b7c6-45c5-a4fd-6ec135f66f4e","object_key":"mdesm/jobRunLog_a98b12b7-8547-453c-989e-21c27e0450ee.txt","creator_id":"icp4d-dev","create_time":1669369037352,"size":530,"is_remote":false,"is_managed":false,"is_referenced":true,"is_object_key_read_only":false,"is_user_provided_path_key":true,"transfer_complete":true,"is_partitioned":false,"complete_time_ticks":1669369037352,"user_data":{},"test_doc":0,"handle":{"key":"mdesm/jobRunLog_a98b12b7-8547-453c-989e-21c27e0450ee.txt","upload_id":"done","max_part_num":1},"usage":{"access_count":0,"last_accessor_id":"icp4d-dev","last_access_time":1669369037352}},{"id":"0ed9d662-ff03-4b8a-8a3c-7d1499493b59","version":2,"asset_type":"job_run","name":"95abb781-32ee-4bca-ac30-9f03fa8313df","description":"log for job run 95abb781-32ee-4bca-ac30-9f03fa8313df","mime":"application/json","datasource_type":"81bafdbd-b7c6-45c5-a4fd-6ec135f66f4e","object_key":"mdesm/jobRunLog_a98b12b7-8547-453c-989e-21c27e0450ee.txt","creator_id":"icp4d-dev","create_time":1669369038580,"size":0,"is_remote":false,"is_managed":false,"is_referenced":true,"is_object_key_read_only":false,"is_user_provided_path_key":true,"transfer_complete":true,"is_partitioned":true,"complete_time_ticks":1669369038580,"user_data":{},"test_doc":0,"handle":{"key":"mdesm/jobRunLog_a98b12b7-8547-453c-989e-21c27e0450ee.txt","upload_id":"done","max_part_num":1},"usage":{"access_count":0,"last_accessor_id":"icp4d-dev","last_access_time":1669369038580}}]}