{"metadata":{"asset_id":"92df1bcb-17d3-4855-ab19-8412b8b94987","asset_attributes":["job_run"],"name":"job run","asset_type":"job_run","created_at":"2022-11-25T08:53:18Z","origin_country":"us","owner_id":"1000330999","project_id":"dfc57498-eec6-4d58-bbb8-f57f29b14aba","size":530,"usage":{"last_update_time":1669366707740,"last_updated_at":"2022-11-25T08:58:27Z"}},"entity":{"job_run":{"job_ref":"11bd6cd9-cbb5-40e4-b167-0bfa3e42dc3f","job_name":"MetaData_Enrich_001","job_type":"metadata_enrichment_area","state":"Completed","isScheduledRun":false,"configuration":{"env_type":"","env_variables":[],"metadata_enrichment_assets":[{"asset_id":"6598bd0a-090f-478d-97b5-100823fec5f2","name":"dimFacility_shaped"}]},"project_name":"WeirPOC","last_state_change_timestamp":"2022-11-25T08:58:27Z","duration":308}},"attachments":[{"id":"bfd03243-3351-43cc-815a-16bd91e8fab3","version":2,"asset_type":"job_run","name":"jobRunLog_a98953f7-96db-49cc-8776-8edb5af68a51","mime":"text/plain","datasource_type":"81bafdbd-b7c6-45c5-a4fd-6ec135f66f4e","object_key":"mdesm/jobRunLog_a98953f7-96db-49cc-8776-8edb5af68a51.txt","creator_id":"icp4d-dev","create_time":1669366706828,"size":530,"is_remote":false,"is_managed":false,"is_referenced":true,"is_object_key_read_only":false,"is_user_provided_path_key":true,"transfer_complete":true,"is_partitioned":false,"complete_time_ticks":1669366706828,"user_data":{},"test_doc":0,"handle":{"key":"mdesm/jobRunLog_a98953f7-96db-49cc-8776-8edb5af68a51.txt","upload_id":"done","max_part_num":1},"usage":{"access_count":0,"last_accessor_id":"icp4d-dev","last_access_time":1669366706828}},{"id":"dfd577fe-0664-4348-9af7-568755b3e26b","version":2,"asset_type":"job_run","name":"92df1bcb-17d3-4855-ab19-8412b8b94987","description":"log for job run 92df1bcb-17d3-4855-ab19-8412b8b94987","mime":"application/json","datasource_type":"81bafdbd-b7c6-45c5-a4fd-6ec135f66f4e","object_key":"mdesm/jobRunLog_a98953f7-96db-49cc-8776-8edb5af68a51.txt","creator_id":"icp4d-dev","create_time":1669366707209,"size":0,"is_remote":false,"is_managed":false,"is_referenced":true,"is_object_key_read_only":false,"is_user_provided_path_key":true,"transfer_complete":true,"is_partitioned":true,"complete_time_ticks":1669366707209,"user_data":{},"test_doc":0,"handle":{"key":"mdesm/jobRunLog_a98953f7-96db-49cc-8776-8edb5af68a51.txt","upload_id":"done","max_part_num":1},"usage":{"access_count":0,"last_accessor_id":"icp4d-dev","last_access_time":1669366707209}}]}