{"metadata":{"asset_id":"3080e3b3-0cf5-4937-9a96-f4ead578013e","asset_attributes":["job_run"],"name":"job run","asset_type":"job_run","created_at":"2022-11-23T16:54:25Z","origin_country":"us","owner_id":"1000330999","project_id":"dfc57498-eec6-4d58-bbb8-f57f29b14aba","size":530,"usage":{"last_update_time":1669222828562,"last_updated_at":"2022-11-23T17:00:28Z"}},"entity":{"job_run":{"job_ref":"b5e5780c-c480-4175-be74-d02b0b53087a","job_name":"metest","job_type":"metadata_enrichment_area","state":"Completed","isScheduledRun":false,"configuration":{"env_type":"","env_variables":[],"metadata_enrichment_assets":[{"asset_id":"18a48341-a5b5-4f14-bedb-d5576b62e605","name":"LocationEmissionsData"}]},"project_name":"WeirPOC","last_state_change_timestamp":"2022-11-23T17:00:27Z","duration":357}},"attachments":[{"id":"3f68d588-6d61-43a4-a2da-93c82130b619","version":2,"asset_type":"job_run","name":"jobRunLog_71b58654-b0e7-4249-8745-576da27af62f","mime":"text/plain","datasource_type":"81bafdbd-b7c6-45c5-a4fd-6ec135f66f4e","object_key":"mdesm/jobRunLog_71b58654-b0e7-4249-8745-576da27af62f.txt","creator_id":"icp4d-dev","create_time":1669222826561,"size":530,"is_remote":false,"is_managed":false,"is_referenced":true,"is_object_key_read_only":false,"is_user_provided_path_key":true,"transfer_complete":true,"is_partitioned":false,"complete_time_ticks":1669222826561,"user_data":{},"test_doc":0,"handle":{"key":"mdesm/jobRunLog_71b58654-b0e7-4249-8745-576da27af62f.txt","upload_id":"done","max_part_num":1},"usage":{"access_count":0,"last_accessor_id":"icp4d-dev","last_access_time":1669222826561}},{"id":"13839f77-fa2e-4968-9e21-d47de6d85319","version":2,"asset_type":"job_run","name":"3080e3b3-0cf5-4937-9a96-f4ead578013e","description":"log for job run 3080e3b3-0cf5-4937-9a96-f4ead578013e","mime":"application/json","datasource_type":"81bafdbd-b7c6-45c5-a4fd-6ec135f66f4e","object_key":"mdesm/jobRunLog_71b58654-b0e7-4249-8745-576da27af62f.txt","creator_id":"icp4d-dev","create_time":1669222827347,"size":0,"is_remote":false,"is_managed":false,"is_referenced":true,"is_object_key_read_only":false,"is_user_provided_path_key":true,"transfer_complete":true,"is_partitioned":true,"complete_time_ticks":1669222827347,"user_data":{},"test_doc":0,"handle":{"key":"mdesm/jobRunLog_71b58654-b0e7-4249-8745-576da27af62f.txt","upload_id":"done","max_part_num":1},"usage":{"access_count":0,"last_accessor_id":"icp4d-dev","last_access_time":1669222827347}}]}