{"metadata":{"asset_id":"198e30ea-c066-46c1-bfda-e9995aef9cce","asset_attributes":["job_run"],"name":"job run","asset_type":"job_run","created_at":"2022-11-29T17:02:10Z","origin_country":"us","owner_id":"1000330999","project_id":"dfc57498-eec6-4d58-bbb8-f57f29b14aba","size":530,"usage":{"last_update_time":1669741451805,"last_updated_at":"2022-11-29T17:04:11Z"}},"entity":{"job_run":{"job_ref":"6a95e377-85a0-41eb-bbeb-3cdcfa9b26c2","job_name":"md_dimRegion","job_type":"metadata_enrichment_area","state":"Completed","isScheduledRun":false,"configuration":{"env_type":"","env_variables":[]},"project_name":"WeirPOC","last_state_change_timestamp":"2022-11-29T17:04:11Z","duration":120}},"attachments":[{"id":"11150134-4309-4e12-8ee2-ab395155d787","version":2,"asset_type":"job_run","name":"jobRunLog_d3e407b8-3171-4d3c-941e-790647bf0904","mime":"text/plain","datasource_type":"81bafdbd-b7c6-45c5-a4fd-6ec135f66f4e","object_key":"mdesm/jobRunLog_d3e407b8-3171-4d3c-941e-790647bf0904.txt","creator_id":"icp4d-dev","create_time":1669741450557,"size":530,"is_remote":false,"is_managed":false,"is_referenced":true,"is_object_key_read_only":false,"is_user_provided_path_key":true,"transfer_complete":true,"is_partitioned":false,"complete_time_ticks":1669741450557,"user_data":{},"test_doc":0,"handle":{"key":"mdesm/jobRunLog_d3e407b8-3171-4d3c-941e-790647bf0904.txt","upload_id":"done","max_part_num":1},"usage":{"access_count":0,"last_accessor_id":"icp4d-dev","last_access_time":1669741450557}},{"id":"e9d68507-2125-43ba-a9e3-1c628688f054","version":2,"asset_type":"job_run","name":"198e30ea-c066-46c1-bfda-e9995aef9cce","description":"log for job run 198e30ea-c066-46c1-bfda-e9995aef9cce","mime":"application/json","datasource_type":"81bafdbd-b7c6-45c5-a4fd-6ec135f66f4e","object_key":"mdesm/jobRunLog_d3e407b8-3171-4d3c-941e-790647bf0904.txt","creator_id":"icp4d-dev","create_time":1669741451346,"size":0,"is_remote":false,"is_managed":false,"is_referenced":true,"is_object_key_read_only":false,"is_user_provided_path_key":true,"transfer_complete":true,"is_partitioned":true,"complete_time_ticks":1669741451346,"user_data":{},"test_doc":0,"handle":{"key":"mdesm/jobRunLog_d3e407b8-3171-4d3c-941e-790647bf0904.txt","upload_id":"done","max_part_num":1},"usage":{"access_count":0,"last_accessor_id":"icp4d-dev","last_access_time":1669741451346}}]}