{"metadata":{"asset_id":"ef239ae5-9daf-4b21-af66-bea2c63cb2f4","asset_attributes":["job_run"],"name":"job run","asset_type":"job_run","created_at":"2022-11-29T16:09:30Z","origin_country":"us","owner_id":"1000330999","project_id":"dfc57498-eec6-4d58-bbb8-f57f29b14aba","size":530,"usage":{"last_update_time":1669738302303,"last_updated_at":"2022-11-29T16:11:42Z"}},"entity":{"job_run":{"job_ref":"7cabe9f3-05c9-4c3f-9711-efb9d6d270ee","job_name":"md_dimDivision","job_type":"metadata_enrichment_area","state":"Completed","isScheduledRun":false,"configuration":{"env_type":"","env_variables":[]},"project_name":"WeirPOC","last_state_change_timestamp":"2022-11-29T16:11:41Z","duration":130}},"attachments":[{"id":"89fef194-4295-47c5-8659-b97a025727e7","version":2,"asset_type":"job_run","name":"jobRunLog_ae863f04-27e3-4146-83bf-bbdbbae0d881","mime":"text/plain","datasource_type":"81bafdbd-b7c6-45c5-a4fd-6ec135f66f4e","object_key":"mdesm/jobRunLog_ae863f04-27e3-4146-83bf-bbdbbae0d881.txt","creator_id":"icp4d-dev","create_time":1669738299325,"size":530,"is_remote":false,"is_managed":false,"is_referenced":true,"is_object_key_read_only":false,"is_user_provided_path_key":true,"transfer_complete":true,"is_partitioned":false,"complete_time_ticks":1669738299325,"user_data":{},"test_doc":0,"handle":{"key":"mdesm/jobRunLog_ae863f04-27e3-4146-83bf-bbdbbae0d881.txt","upload_id":"done","max_part_num":1},"usage":{"access_count":0,"last_accessor_id":"icp4d-dev","last_access_time":1669738299325}},{"id":"dcb41a44-824b-45a3-b354-272c2136a0e6","version":2,"asset_type":"job_run","name":"ef239ae5-9daf-4b21-af66-bea2c63cb2f4","description":"log for job run ef239ae5-9daf-4b21-af66-bea2c63cb2f4","mime":"application/json","datasource_type":"81bafdbd-b7c6-45c5-a4fd-6ec135f66f4e","object_key":"mdesm/jobRunLog_ae863f04-27e3-4146-83bf-bbdbbae0d881.txt","creator_id":"icp4d-dev","create_time":1669738301800,"size":0,"is_remote":false,"is_managed":false,"is_referenced":true,"is_object_key_read_only":false,"is_user_provided_path_key":true,"transfer_complete":true,"is_partitioned":true,"complete_time_ticks":1669738301800,"user_data":{},"test_doc":0,"handle":{"key":"mdesm/jobRunLog_ae863f04-27e3-4146-83bf-bbdbbae0d881.txt","upload_id":"done","max_part_num":1},"usage":{"access_count":0,"last_accessor_id":"icp4d-dev","last_access_time":1669738301800}}]}