{"metadata":{"asset_id":"c825099c-b990-4245-a9f4-21b2b70537f2","asset_attributes":["job_run"],"name":"job run","asset_type":"job_run","created_at":"2022-11-29T17:59:51Z","origin_country":"us","owner_id":"1000330999","project_id":"dfc57498-eec6-4d58-bbb8-f57f29b14aba","size":251,"usage":{"last_update_time":1669744812517,"last_updated_at":"2022-11-29T18:00:12Z"}},"entity":{"job_run":{"job_ref":"75807986-c570-42a7-b698-6580da8c8f5e","job_name":"md_dimRegion_publish_job","job_type":"metadata_enrichment_area_publish","state":"Completed","isScheduledRun":false,"configuration":{"metadata_enrichment_area_id":"9b624c11-37d1-4371-9c3d-2216172be5af","env_type":"metadata_enrichment_area_publish","env_variables":[],"catalog_id":"3d47908d-6ba3-4f77-a7e1-3d34d5568499","duplicate_action":"UPDATE","asset_ids":["852d622a-045b-48f5-b64d-42995e96fbb1"]},"project_name":"WeirPOC","last_state_change_timestamp":"2022-11-29T18:00:12Z","duration":20}},"attachments":[{"id":"b098411f-771b-4f30-b270-4ad9d4a555a4","version":2,"asset_type":"job_run","name":"jobRunLog_8ddafa08-b449-4d18-8b0c-39437f633282","mime":"text/plain","datasource_type":"81bafdbd-b7c6-45c5-a4fd-6ec135f66f4e","object_key":"mdesm/jobRunLog_8ddafa08-b449-4d18-8b0c-39437f633282.txt","creator_id":"icp4d-dev","create_time":1669744810696,"size":251,"is_remote":false,"is_managed":false,"is_referenced":true,"is_object_key_read_only":false,"is_user_provided_path_key":true,"transfer_complete":true,"is_partitioned":false,"complete_time_ticks":1669744810696,"user_data":{},"test_doc":0,"handle":{"key":"mdesm/jobRunLog_8ddafa08-b449-4d18-8b0c-39437f633282.txt","upload_id":"done","max_part_num":1},"usage":{"access_count":0,"last_accessor_id":"icp4d-dev","last_access_time":1669744810696}},{"id":"1eef497a-e706-44f8-95ae-dd2ebd471e84","version":2,"asset_type":"job_run","name":"c825099c-b990-4245-a9f4-21b2b70537f2","description":"log for job run c825099c-b990-4245-a9f4-21b2b70537f2","mime":"application/json","datasource_type":"81bafdbd-b7c6-45c5-a4fd-6ec135f66f4e","object_key":"mdesm/jobRunLog_8ddafa08-b449-4d18-8b0c-39437f633282.txt","creator_id":"icp4d-dev","create_time":1669744812448,"size":0,"is_remote":false,"is_managed":false,"is_referenced":true,"is_object_key_read_only":false,"is_user_provided_path_key":true,"transfer_complete":true,"is_partitioned":true,"complete_time_ticks":1669744812448,"user_data":{},"test_doc":0,"handle":{"key":"mdesm/jobRunLog_8ddafa08-b449-4d18-8b0c-39437f633282.txt","upload_id":"done","max_part_num":1},"usage":{"access_count":0,"last_accessor_id":"icp4d-dev","last_access_time":1669744812448}}]}