{"metadata":{"asset_id":"b0326f90-1b66-4b0b-8096-5fc3495d4c03","asset_attributes":["job_run"],"name":"job run","asset_type":"job_run","created_at":"2022-11-25T16:36:36Z","origin_country":"us","owner_id":"1000330999","project_id":"dfc57498-eec6-4d58-bbb8-f57f29b14aba","size":530,"usage":{"last_update_time":1669394252294,"last_updated_at":"2022-11-25T16:37:32Z"}},"entity":{"job_run":{"job_ref":"864c7ac4-e5c1-4fd9-99ce-e7aa81a445bd","job_name":"me_003","job_type":"metadata_enrichment_area","state":"Completed","isScheduledRun":false,"configuration":{"env_type":"","env_variables":[]},"project_name":"WeirPOC","last_state_change_timestamp":"2022-11-25T16:37:32Z","duration":55}},"attachments":[{"id":"0124e9f5-b3e2-4001-9d7c-db78595da4a3","version":2,"asset_type":"job_run","name":"jobRunLog_bd8e9043-b56a-438e-be1d-b36f895de1ab","mime":"text/plain","datasource_type":"81bafdbd-b7c6-45c5-a4fd-6ec135f66f4e","object_key":"mdesm/jobRunLog_bd8e9043-b56a-438e-be1d-b36f895de1ab.txt","creator_id":"icp4d-dev","create_time":1669394251496,"size":530,"is_remote":false,"is_managed":false,"is_referenced":true,"is_object_key_read_only":false,"is_user_provided_path_key":true,"transfer_complete":true,"is_partitioned":false,"complete_time_ticks":1669394251496,"user_data":{},"test_doc":0,"handle":{"key":"mdesm/jobRunLog_bd8e9043-b56a-438e-be1d-b36f895de1ab.txt","upload_id":"done","max_part_num":1},"usage":{"access_count":0,"last_accessor_id":"icp4d-dev","last_access_time":1669394251496}},{"id":"9aad46eb-3807-49cd-b1fd-0f311d90c0a7","version":2,"asset_type":"job_run","name":"b0326f90-1b66-4b0b-8096-5fc3495d4c03","description":"log for job run b0326f90-1b66-4b0b-8096-5fc3495d4c03","mime":"application/json","datasource_type":"81bafdbd-b7c6-45c5-a4fd-6ec135f66f4e","object_key":"mdesm/jobRunLog_bd8e9043-b56a-438e-be1d-b36f895de1ab.txt","creator_id":"icp4d-dev","create_time":1669394252050,"size":0,"is_remote":false,"is_managed":false,"is_referenced":true,"is_object_key_read_only":false,"is_user_provided_path_key":true,"transfer_complete":true,"is_partitioned":true,"complete_time_ticks":1669394252050,"user_data":{},"test_doc":0,"handle":{"key":"mdesm/jobRunLog_bd8e9043-b56a-438e-be1d-b36f895de1ab.txt","upload_id":"done","max_part_num":1},"usage":{"access_count":0,"last_accessor_id":"icp4d-dev","last_access_time":1669394252050}}]}