{"metadata":{"asset_id":"1d0f91d5-cd4a-4861-95c5-7ca42d444bb9","asset_attributes":["job_run"],"name":"job run","asset_type":"job_run","created_at":"2022-11-29T12:00:22Z","origin_country":"us","owner_id":"1000330999","project_id":"dfc57498-eec6-4d58-bbb8-f57f29b14aba","size":0,"usage":{"last_update_time":1669723295451,"last_updated_at":"2022-11-29T12:01:35Z"}},"entity":{"job_run":{"job_ref":"f74b9df7-e121-40bb-81c6-29982c165d1e","job_name":"dimDivision_UC_SrsSystemNm","job_type":"data_flow","state":"Completed","isScheduledRun":false,"configuration":{"env_id":"shaper_rruntime","env_name":"Default Data Refinery XS","env_type":"shaper_rruntime","env_variables":[],"asset_ref":"de1fb9cf-fb1d-41e6-bad1-6f09efba3dba","nodes":[{"id":"source1","data_asset":{"properties":{"schema_name":"BusinessEntity_I","table_name":"dimDivision"},"ref":"fb8ab0f7-966f-4ed0-97eb-d4987eb8113b"},"nodeType":"source"},{"id":"target1","data_asset":{"properties":{"file_format":"csv","mode":"overwrite","first_line_header":true,"name":"dimDivision_shaped"}},"nodeType":"target"}],"outputs":{"total_rows_read":8,"total_bytes_read":757,"total_bytes_written":805,"total_rows_written":8,"engine_elapsed_secs":42}},"project_name":"WeirPOC","runtime_job_id":"760ad995-e04a-4fd0-a4d0-d1e912e21b56","last_state_change_timestamp":"2022-11-29T12:01:34Z","duration":42,"data_flow_job_output":{"total_rows_read":8,"total_bytes_read":757,"total_bytes_written":805,"total_rows_written":8,"engine_elapsed_secs":42}}},"attachments":[{"id":"98b92ff9-99f9-406c-9b17-74f319443a52","version":2,"asset_type":"job_run","name":"1d0f91d5-cd4a-4861-95c5-7ca42d444bb9","description":"log for job run 1d0f91d5-cd4a-4861-95c5-7ca42d444bb9","mime":"application/json","datasource_type":"81bafdbd-b7c6-45c5-a4fd-6ec135f66f4e","object_key":"job_run/log/1d0f91d5-cd4a-4861-95c5-7ca42d444bb9","creator_id":"1000330999","create_time":1669723294711,"size":0,"is_remote":false,"is_managed":false,"is_referenced":true,"is_object_key_read_only":false,"is_user_provided_path_key":true,"transfer_complete":true,"is_partitioned":true,"complete_time_ticks":1669723294711,"user_data":{},"test_doc":0,"handle":{"key":"job_run/log/1d0f91d5-cd4a-4861-95c5-7ca42d444bb9","upload_id":"done","max_part_num":1},"usage":{"access_count":0,"last_accessor_id":"1000330999","last_access_time":1669723294711}}]}