{"metadata":{"asset_id":"ce8699be-9cd5-42d8-b77c-37a30b16f9c6","asset_attributes":["job_run"],"name":"job run","asset_type":"job_run","created_at":"2022-11-25T09:00:55Z","origin_country":"us","owner_id":"1000330999","project_id":"dfc57498-eec6-4d58-bbb8-f57f29b14aba","size":692,"usage":{"last_update_time":1669366874186,"last_updated_at":"2022-11-25T09:01:14Z"}},"entity":{"job_run":{"job_ref":"e6066c1b-8608-422f-b2bb-f634cf84bff4","job_name":"Me_Term-002","job_type":"metadata_enrichment_area","state":"Failed","isScheduledRun":false,"configuration":{"env_type":"","env_variables":[]},"project_name":"WeirPOC","duration":18,"last_state_change_timestamp":"2022-11-25T09:01:13Z"}},"attachments":[{"id":"b9d9a4bb-50a9-4d35-bd1b-c62f6fa5d851","version":2,"asset_type":"job_run","name":"jobRunLog_27db5d19-600b-4466-8cfc-225a5422da54","mime":"text/plain","datasource_type":"81bafdbd-b7c6-45c5-a4fd-6ec135f66f4e","object_key":"mdesm/jobRunLog_27db5d19-600b-4466-8cfc-225a5422da54.txt","creator_id":"icp4d-dev","create_time":1669366872656,"size":692,"is_remote":false,"is_managed":false,"is_referenced":true,"is_object_key_read_only":false,"is_user_provided_path_key":true,"transfer_complete":true,"is_partitioned":false,"complete_time_ticks":1669366872656,"user_data":{},"test_doc":0,"handle":{"key":"mdesm/jobRunLog_27db5d19-600b-4466-8cfc-225a5422da54.txt","upload_id":"done","max_part_num":1},"usage":{"access_count":0,"last_accessor_id":"icp4d-dev","last_access_time":1669366872656}},{"id":"4ca7730b-937c-4151-9983-ebb461c7af14","version":2,"asset_type":"job_run","name":"ce8699be-9cd5-42d8-b77c-37a30b16f9c6","description":"log for job run ce8699be-9cd5-42d8-b77c-37a30b16f9c6","mime":"application/json","datasource_type":"81bafdbd-b7c6-45c5-a4fd-6ec135f66f4e","object_key":"mdesm/jobRunLog_27db5d19-600b-4466-8cfc-225a5422da54.txt","creator_id":"icp4d-dev","create_time":1669366873937,"size":0,"is_remote":false,"is_managed":false,"is_referenced":true,"is_object_key_read_only":false,"is_user_provided_path_key":true,"transfer_complete":true,"is_partitioned":true,"complete_time_ticks":1669366873937,"user_data":{},"test_doc":0,"handle":{"key":"mdesm/jobRunLog_27db5d19-600b-4466-8cfc-225a5422da54.txt","upload_id":"done","max_part_num":1},"usage":{"access_count":0,"last_accessor_id":"icp4d-dev","last_access_time":1669366873937}}]}