{"metadata":{"asset_id":"2b37433b-9dd9-458c-849b-fb433d55fb5f","asset_attributes":["job_run"],"name":"job run","asset_type":"job_run","created_at":"2022-11-23T16:41:56Z","origin_country":"us","owner_id":"1000330999","project_id":"dfc57498-eec6-4d58-bbb8-f57f29b14aba","size":530,"usage":{"last_update_time":1669222098772,"last_updated_at":"2022-11-23T16:48:18Z"}},"entity":{"job_run":{"job_ref":"b5e5780c-c480-4175-be74-d02b0b53087a","job_name":"metest","job_type":"metadata_enrichment_area","state":"Completed","isScheduledRun":false,"configuration":{"env_type":"","env_variables":[],"metadata_enrichment_assets":[{"asset_id":"2f57b969-79ab-47e5-8061-c222ac2ab121","name":"Consumption Reading"}]},"project_name":"WeirPOC","last_state_change_timestamp":"2022-11-23T16:48:18Z","duration":380}},"attachments":[{"id":"fbb8ec9c-0b88-40c7-9feb-b2999329c90e","version":2,"asset_type":"job_run","name":"jobRunLog_8d3ed9f6-fd9b-4204-ae59-10db7a43cfdb","mime":"text/plain","datasource_type":"81bafdbd-b7c6-45c5-a4fd-6ec135f66f4e","object_key":"mdesm/jobRunLog_8d3ed9f6-fd9b-4204-ae59-10db7a43cfdb.txt","creator_id":"icp4d-dev","create_time":1669222097974,"size":530,"is_remote":false,"is_managed":false,"is_referenced":true,"is_object_key_read_only":false,"is_user_provided_path_key":true,"transfer_complete":true,"is_partitioned":false,"complete_time_ticks":1669222097974,"user_data":{},"test_doc":0,"handle":{"key":"mdesm/jobRunLog_8d3ed9f6-fd9b-4204-ae59-10db7a43cfdb.txt","upload_id":"done","max_part_num":1},"usage":{"access_count":0,"last_accessor_id":"icp4d-dev","last_access_time":1669222097974}},{"id":"e21e6aec-5037-41c1-b32f-06a4f250e9a3","version":2,"asset_type":"job_run","name":"2b37433b-9dd9-458c-849b-fb433d55fb5f","description":"log for job run 2b37433b-9dd9-458c-849b-fb433d55fb5f","mime":"application/json","datasource_type":"81bafdbd-b7c6-45c5-a4fd-6ec135f66f4e","object_key":"mdesm/jobRunLog_8d3ed9f6-fd9b-4204-ae59-10db7a43cfdb.txt","creator_id":"icp4d-dev","create_time":1669222098570,"size":0,"is_remote":false,"is_managed":false,"is_referenced":true,"is_object_key_read_only":false,"is_user_provided_path_key":true,"transfer_complete":true,"is_partitioned":true,"complete_time_ticks":1669222098570,"user_data":{},"test_doc":0,"handle":{"key":"mdesm/jobRunLog_8d3ed9f6-fd9b-4204-ae59-10db7a43cfdb.txt","upload_id":"done","max_part_num":1},"usage":{"access_count":0,"last_accessor_id":"icp4d-dev","last_access_time":1669222098570}}]}