{"metadata":{"asset_id":"e671fbad-d1b8-414c-b7b1-d61fea3beb0e","asset_attributes":["job_run"],"name":"job run","asset_type":"job_run","created_at":"2022-11-28T10:50:07Z","origin_country":"us","owner_id":"1000330999","project_id":"dfc57498-eec6-4d58-bbb8-f57f29b14aba","size":251,"usage":{"last_update_time":1669632629647,"last_updated_at":"2022-11-28T10:50:29Z"}},"entity":{"job_run":{"job_ref":"bd255909-7c63-45d2-9050-1daff74cc9cf","job_name":"me_003_publish_job","job_type":"metadata_enrichment_area_publish","state":"Completed","isScheduledRun":false,"configuration":{"metadata_enrichment_area_id":"3abbf662-547e-4bac-9a8e-43460d8c022e","env_type":"metadata_enrichment_area_publish","env_variables":[],"catalog_id":"3d47908d-6ba3-4f77-a7e1-3d34d5568499","duplicate_action":"UPDATE","asset_ids":["1e92878b-1240-4d83-991a-adb2d2b3d7d4"]},"project_name":"WeirPOC","last_state_change_timestamp":"2022-11-28T10:50:29Z","duration":21}},"attachments":[{"id":"6a28bad2-cbcf-439b-8ef4-15cfafb246af","version":2,"asset_type":"job_run","name":"jobRunLog_65b9ef3d-5c42-418c-a5a0-8b18646efde2","mime":"text/plain","datasource_type":"81bafdbd-b7c6-45c5-a4fd-6ec135f66f4e","object_key":"mdesm/jobRunLog_65b9ef3d-5c42-418c-a5a0-8b18646efde2.txt","creator_id":"icp4d-dev","create_time":1669632629180,"size":251,"is_remote":false,"is_managed":false,"is_referenced":true,"is_object_key_read_only":false,"is_user_provided_path_key":true,"transfer_complete":true,"is_partitioned":false,"complete_time_ticks":1669632629180,"user_data":{},"test_doc":0,"handle":{"key":"mdesm/jobRunLog_65b9ef3d-5c42-418c-a5a0-8b18646efde2.txt","upload_id":"done","max_part_num":1},"usage":{"access_count":0,"last_accessor_id":"icp4d-dev","last_access_time":1669632629180}},{"id":"712c5bb2-1c84-41fe-b695-a1d8541ad47f","version":2,"asset_type":"job_run","name":"e671fbad-d1b8-414c-b7b1-d61fea3beb0e","description":"log for job run e671fbad-d1b8-414c-b7b1-d61fea3beb0e","mime":"application/json","datasource_type":"81bafdbd-b7c6-45c5-a4fd-6ec135f66f4e","object_key":"mdesm/jobRunLog_65b9ef3d-5c42-418c-a5a0-8b18646efde2.txt","creator_id":"icp4d-dev","create_time":1669632629561,"size":0,"is_remote":false,"is_managed":false,"is_referenced":true,"is_object_key_read_only":false,"is_user_provided_path_key":true,"transfer_complete":true,"is_partitioned":true,"complete_time_ticks":1669632629561,"user_data":{},"test_doc":0,"handle":{"key":"mdesm/jobRunLog_65b9ef3d-5c42-418c-a5a0-8b18646efde2.txt","upload_id":"done","max_part_num":1},"usage":{"access_count":0,"last_accessor_id":"icp4d-dev","last_access_time":1669632629561}}]}