{"metadata":{"asset_id":"e24c07c3-a4a5-4acd-b654-f3ffa3fa7d79","asset_attributes":["job_run"],"name":"job run","asset_type":"job_run","created_at":"2022-11-30T09:12:24Z","origin_country":"us","owner_id":"1000330999","project_id":"dfc57498-eec6-4d58-bbb8-f57f29b14aba","size":0,"usage":{"last_update_time":1669799552288,"last_updated_at":"2022-11-30T09:12:32Z"}},"entity":{"job_run":{"job_ref":"230a01ea-752f-44a4-9be3-1b601b1f943c","job_name":"jb01.DataStage job","job_type":"data_intg_flow","state":"Completed","isScheduledRun":false,"configuration":{"env_variables":["HARDWARE_SPECIFICATION={'datastage':{'compute':{'mem':{'size':'12Gi'},'cpu':{'model':'','units':'3'}},'num_conductors':1,'instance':'ds-px-default','num_computes':2,'conductor':{'mem':{'size':'4Gi'},'cpu':{'model':'','units':'1'}}},'built_in':false}","instance_id=ds-px-default","instance_location=https://datastage-ibm-datastage-ds-nginx.cpd-instance.svc"],"flow_limits":{"warn_limit":100},"job_parameters":[],"env_type":"","metrics":{"stage_metrics":[{"rows_read":10,"rows_written":10,"stage_name":"Transformer_1","state":"finished"},{"rows_read":20,"rows_written":0,"stage_name":"Sequential_file_2","state":"finished"},{"rows_read":0,"rows_written":10,"stage_name":"Row_Generator_1","state":"finished"}],"link_metrics":[{"start_time":"2022-11-30 09:12:29","rows_read":10,"rows_written":10,"stop_time":"2022-11-30 09:12:29","source":"Row_Generator_1","state":"finished","link_name":"Link_1","dest":"Transformer_1"},{"start_time":"2022-11-30 09:12:29","rows_read":20,"rows_written":10,"stop_time":"2022-11-30 09:12:29","source":"Transformer_1","state":"finished","link_name":"Link_2","dest":"Sequential_file_2"}]},"userStatus":""},"project_name":"WeirPOC","runtime_job_id":"e24c07c3-a4a5-4acd-b654-f3ffa3fa7d79","duration":1,"last_state_change_timestamp":"2022-11-30T09:12:31Z"}},"attachments":[{"id":"90c33baa-41e7-4f52-9e34-087640d3243c","version":2,"asset_type":"job_run","name":"e24c07c3-a4a5-4acd-b654-f3ffa3fa7d79","description":"log for job run e24c07c3-a4a5-4acd-b654-f3ffa3fa7d79","mime":"application/json","datasource_type":"81bafdbd-b7c6-45c5-a4fd-6ec135f66f4e","object_key":"job_run/log/e24c07c3-a4a5-4acd-b654-f3ffa3fa7d79","creator_id":"icp4d-dev","create_time":1669799552043,"size":0,"is_remote":false,"is_managed":false,"is_referenced":true,"is_object_key_read_only":false,"is_user_provided_path_key":true,"transfer_complete":true,"is_partitioned":true,"complete_time_ticks":1669799552043,"user_data":{},"test_doc":0,"handle":{"key":"job_run/log/e24c07c3-a4a5-4acd-b654-f3ffa3fa7d79","upload_id":"done","max_part_num":1},"usage":{"access_count":0,"last_accessor_id":"icp4d-dev","last_access_time":1669799552043}}]}