{"metadata":{"asset_id":"35aac890-79f1-4272-8528-ae93819dc650","asset_attributes":["job_run"],"name":"job run","asset_type":"job_run","created_at":"2022-11-29T18:02:11Z","origin_country":"us","owner_id":"1000330999","project_id":"dfc57498-eec6-4d58-bbb8-f57f29b14aba","size":251,"usage":{"last_update_time":1669744948714,"last_updated_at":"2022-11-29T18:02:28Z"}},"entity":{"job_run":{"job_ref":"75807986-c570-42a7-b698-6580da8c8f5e","job_name":"md_dimRegion_publish_job","job_type":"metadata_enrichment_area_publish","state":"Completed","isScheduledRun":false,"configuration":{"metadata_enrichment_area_id":"9b624c11-37d1-4371-9c3d-2216172be5af","env_type":"metadata_enrichment_area_publish","env_variables":[],"catalog_id":"24f363e1-bac1-4080-8a0f-c747cb07021f","duplicate_action":"UPDATE","asset_ids":["852d622a-045b-48f5-b64d-42995e96fbb1"]},"project_name":"WeirPOC","last_state_change_timestamp":"2022-11-29T18:02:28Z","duration":16}},"attachments":[{"id":"bda3e014-e1f4-4659-984e-c842c5371e3b","version":2,"asset_type":"job_run","name":"jobRunLog_526c2802-f992-48a0-ab7c-be4f4dd43c1a","mime":"text/plain","datasource_type":"81bafdbd-b7c6-45c5-a4fd-6ec135f66f4e","object_key":"mdesm/jobRunLog_526c2802-f992-48a0-ab7c-be4f4dd43c1a.txt","creator_id":"icp4d-dev","create_time":1669744948388,"size":251,"is_remote":false,"is_managed":false,"is_referenced":true,"is_object_key_read_only":false,"is_user_provided_path_key":true,"transfer_complete":true,"is_partitioned":false,"complete_time_ticks":1669744948388,"user_data":{},"test_doc":0,"handle":{"key":"mdesm/jobRunLog_526c2802-f992-48a0-ab7c-be4f4dd43c1a.txt","upload_id":"done","max_part_num":1},"usage":{"access_count":0,"last_accessor_id":"icp4d-dev","last_access_time":1669744948388}},{"id":"e75a5398-4285-4c35-b62f-08116090fb07","version":2,"asset_type":"job_run","name":"35aac890-79f1-4272-8528-ae93819dc650","description":"log for job run 35aac890-79f1-4272-8528-ae93819dc650","mime":"application/json","datasource_type":"81bafdbd-b7c6-45c5-a4fd-6ec135f66f4e","object_key":"mdesm/jobRunLog_526c2802-f992-48a0-ab7c-be4f4dd43c1a.txt","creator_id":"icp4d-dev","create_time":1669744948654,"size":0,"is_remote":false,"is_managed":false,"is_referenced":true,"is_object_key_read_only":false,"is_user_provided_path_key":true,"transfer_complete":true,"is_partitioned":true,"complete_time_ticks":1669744948654,"user_data":{},"test_doc":0,"handle":{"key":"mdesm/jobRunLog_526c2802-f992-48a0-ab7c-be4f4dd43c1a.txt","upload_id":"done","max_part_num":1},"usage":{"access_count":0,"last_accessor_id":"icp4d-dev","last_access_time":1669744948654}}]}