{"metadata":{"asset_id":"645ee309-d4a1-4d40-bf51-3d403ece0775","asset_attributes":["job_run"],"name":"job run","asset_type":"job_run","created_at":"2022-12-05T15:59:07Z","origin_country":"us","owner_id":"1000330999","project_id":"dfc57498-eec6-4d58-bbb8-f57f29b14aba","size":0,"usage":{"last_update_time":1670255953336,"last_updated_at":"2022-12-05T15:59:13Z"}},"entity":{"job_run":{"job_ref":"5d49ec0a-b149-49de-b3f9-35e02ab62970","job_name":"Import-Luke job","job_type":"metadata_import","state":"Running","isScheduledRun":false,"configuration":{"env_type":"","env_variables":[]},"project_name":"WeirPOC","runtime_job_id":"77016f02-4905-4a3f-8957-a20b46419b55","last_state_change_timestamp":"2022-12-05T15:59:13Z"}}}