{"metadata":{"asset_id":"e4821f8b-7b95-439d-87d0-d421bbc5f7a4","asset_attributes":["job_run"],"name":"job run","asset_type":"job_run","created_at":"2022-11-29T18:16:00Z","origin_country":"us","owner_id":"1000330999","project_id":"dfc57498-eec6-4d58-bbb8-f57f29b14aba","size":251,"usage":{"last_update_time":1669745780286,"last_updated_at":"2022-11-29T18:16:20Z"}},"entity":{"job_run":{"job_ref":"80cc9b63-baf6-4c08-b766-d8b22429a375","job_name":"md_dimDivision_publish_job","job_type":"metadata_enrichment_area_publish","state":"Completed","isScheduledRun":false,"configuration":{"metadata_enrichment_area_id":"d171ca69-45d8-4dab-a0ff-d6cdc0fa3792","env_type":"metadata_enrichment_area_publish","env_variables":[],"catalog_id":"3d47908d-6ba3-4f77-a7e1-3d34d5568499","duplicate_action":"UPDATE","asset_ids":["fb8ab0f7-966f-4ed0-97eb-d4987eb8113b"]},"project_name":"WeirPOC","last_state_change_timestamp":"2022-11-29T18:16:20Z","duration":19}},"attachments":[{"id":"060d5b00-126f-4741-bfd6-ed7e468798c0","version":2,"asset_type":"job_run","name":"jobRunLog_fb2db187-da7e-492c-bd2f-bdba43272e57","mime":"text/plain","datasource_type":"81bafdbd-b7c6-45c5-a4fd-6ec135f66f4e","object_key":"mdesm/jobRunLog_fb2db187-da7e-492c-bd2f-bdba43272e57.txt","creator_id":"icp4d-dev","create_time":1669745779971,"size":251,"is_remote":false,"is_managed":false,"is_referenced":true,"is_object_key_read_only":false,"is_user_provided_path_key":true,"transfer_complete":true,"is_partitioned":false,"complete_time_ticks":1669745779971,"user_data":{},"test_doc":0,"handle":{"key":"mdesm/jobRunLog_fb2db187-da7e-492c-bd2f-bdba43272e57.txt","upload_id":"done","max_part_num":1},"usage":{"access_count":0,"last_accessor_id":"icp4d-dev","last_access_time":1669745779971}},{"id":"407ee86f-e2a4-49fa-a097-123dfbd39511","version":2,"asset_type":"job_run","name":"e4821f8b-7b95-439d-87d0-d421bbc5f7a4","description":"log for job run e4821f8b-7b95-439d-87d0-d421bbc5f7a4","mime":"application/json","datasource_type":"81bafdbd-b7c6-45c5-a4fd-6ec135f66f4e","object_key":"mdesm/jobRunLog_fb2db187-da7e-492c-bd2f-bdba43272e57.txt","creator_id":"icp4d-dev","create_time":1669745780228,"size":0,"is_remote":false,"is_managed":false,"is_referenced":true,"is_object_key_read_only":false,"is_user_provided_path_key":true,"transfer_complete":true,"is_partitioned":true,"complete_time_ticks":1669745780228,"user_data":{},"test_doc":0,"handle":{"key":"mdesm/jobRunLog_fb2db187-da7e-492c-bd2f-bdba43272e57.txt","upload_id":"done","max_part_num":1},"usage":{"access_count":0,"last_accessor_id":"icp4d-dev","last_access_time":1669745780228}}]}