{"metadata":{"asset_id":"b2d15abe-7ac0-46cb-b406-4a67ec6935b8","asset_type":"metadata_import","creator_id":"1000330999","created_at":"1670255943220","project_id":"dfc57498-eec6-4d58-bbb8-f57f29b14aba","usage":{"last_updated_at":"2022-12-05T15:59:08Z","last_updater_id":"1000330999","last_update_time":1670255948116,"last_accessed_at":"2022-12-05T15:59:08Z","last_access_time":1670255948116,"last_accessor_id":"1000330999","access_count":0}},"entity":{"name":"Import-Luke","import_type":"metadata","connection_id":"221c1307-786b-4375-96ce-24b36d59665c","target_catalog_id":"4410eae6-f862-45c1-8fa7-3b2e0cc530ed","job_id":"5d49ec0a-b149-49de-b3f9-35e02ab62970","scope":{"paths":["/Asset_I","/BusinessEntity_I","/dbo","/EnvironmentalSustainability","/EnvironmentalSustainability_I","/General_I","/guest","/LandingStrata_I","/Location_I"]},"datasource_type":"database","last_run_started":1670255948087,"number_of_runs":1,"version":4,"mde_enabled":true}}