{"metadata":{"asset_id":"20d607b5-595e-4982-bba8-40bbf105bd01","asset_type":"metadata_import","creator_id":"1000330999","created_at":"1670583484675","project_id":"dfc57498-eec6-4d58-bbb8-f57f29b14aba","usage":{"last_updated_at":"2022-12-09T10:59:33Z","last_updater_id":"icp4d-dev","last_update_time":1670583573552,"last_accessed_at":"2022-12-09T10:59:33Z","last_access_time":1670583573552,"last_accessor_id":"icp4d-dev","access_count":0}},"entity":{"description":"Initial import of Weir metadata","name":"Initial_Import","import_type":"metadata","connection_id":"314efef1-7439-43a6-b80e-ed1a5c0a777b","target_catalog_id":"3a53b3cb-ae4e-4b53-a36c-24d667336ede","job_id":"e8a83c77-eaf2-46bf-aef5-fd85069ceea7","scope":{"paths":["/Asset_I/dimFacility","/BusinessEntity_I/dimCompany","/BusinessEntity_I/dimDivision","/BusinessEntity_I/dimRegion","/General_I/dimDate","/EnvironmentalSustainability/Consumption Reading","/EnvironmentalSustainability_I/factConsumptionReading","/LandingStrata_I/LocationEmissionsData","/LandingStrata_I/MarketEmissionsData","/Location_I/dimLocation","/EnvironmentalSustainability/ConsumptionReadingHeader"]},"datasource_type":"database","last_run_started":1670583501626,"last_run_completed":1670583557096,"number_of_runs":1,"version":4,"number_of_new_assets":11,"number_of_updated_assets":0,"number_of_removed_assets":0,"mde_enabled":true}}