{"metadata":{"asset_id":"9b624c11-37d1-4371-9c3d-2216172be5af","asset_attributes":["metadata_enrichment_area"],"name":"md_dimRegion","asset_type":"metadata_enrichment_area","created_at":"2022-11-29T16:16:27Z","description":"","origin_country":"us","owner_id":"1000330999","project_id":"dfc57498-eec6-4d58-bbb8-f57f29b14aba","size":0,"tags":[],"usage":{"last_update_time":1669744791526,"last_updated_at":"2022-11-29T17:59:51Z"}},"entity":{"metadata_enrichment_area":{"description":"","name":"md_dimRegion","job":{"name":"md_dimRegion","id":"6a95e377-85a0-41eb-bbeb-3cdcfa9b26c2"},"objective":{"enrichment_options":{"structured":{"profile":true,"assign_terms":true,"analyze_quality":true}},"governance_scope":[{"type":"CATEGORY","id":"e39ada11-8338-3704-90e3-681a71e7c839"},{"type":"CATEGORY","id":"7b443c89-5306-4069-90b4-af58479d800e"},{"type":"CATEGORY","id":"869329e0-db78-4c2f-b539-a831722602f7"},{"type":"CATEGORY","id":"625cca4c-c566-4b6e-8519-dd04013fd25e"},{"type":"CATEGORY","id":"1a8525b2-0832-49a8-ac4c-77afe7b1f3f2"},{"type":"CATEGORY","id":"0701eec1-aa02-43de-8888-389388c6095b"},{"type":"CATEGORY","id":"006a10a2-9872-4c6d-8f6d-c0f9788f920b"},{"type":"CATEGORY","id":"3987bddc-f950-46dc-ab8b-d6734e8f777a"},{"type":"CATEGORY","id":"7fa127e4-331e-4cad-ac50-f9f38a536125"},{"type":"CATEGORY","id":"b7c94cb8-c9e4-4be6-b40a-f41666a48472"},{"type":"CATEGORY","id":"2a71b562-cc08-40dc-8be0-b4d4a7108e58"},{"type":"CATEGORY","id":"6e76f8eb-ba47-4cfe-881d-6ce4ad693b1b"},{"type":"CATEGORY","id":"c49fd70e-d54a-45e4-a844-2591a9ffe4dc"},{"type":"CATEGORY","id":"c71f549d-bbd7-4ff8-81ee-ec3800994fb9"},{"type":"CATEGORY","id":"62755581-d85a-4c0e-821c-f6b98ace64d1"},{"type":"CATEGORY","id":"373de29b-75f4-4d91-9088-b0cd3e98ecff"},{"type":"CATEGORY","id":"fa856472-fd24-417e-8d11-e69e6d06ee8b"},{"type":"CATEGORY","id":"e7d4e3b0-464b-4df3-bb6a-e4699345be98"},{"type":"CATEGORY","id":"86aec73f-02d1-45a0-b871-5ff0d5e0ebed"},{"type":"CATEGORY","id":"e9280932-5ed5-4146-8cc5-a5426ba190bf"},{"type":"CATEGORY","id":"3e0951db-d6bf-4887-a565-8b84c94ee174"},{"type":"CATEGORY","id":"dc567b40-f13d-48b5-b121-2c74142d0707"},{"type":"CATEGORY","id":"7cc7ba75-9f1a-43c5-b83c-01d91516908f"},{"type":"CATEGORY","id":"9c51cc06-4366-4451-bba8-888364d873ad"},{"type":"CATEGORY","id":"4ab64c8a-d7d5-4a2e-9cc4-050192c2374a"},{"type":"CATEGORY","id":"1b55f21a-d8fc-451b-8e4c-8fa5b5e07e9f"},{"type":"CATEGORY","id":"f4b59be2-ca8e-463a-b706-fd4279b5a2ad"},{"type":"CATEGORY","id":"c51724cb-ca25-4aec-a597-a223e44f73ad"},{"type":"CATEGORY","id":"872a98fc-6a86-46f8-b249-48c7141f93ae"},{"type":"CATEGORY","id":"32dce83a-ecd9-48a3-ad28-ea44b1e37da2"},{"type":"CATEGORY","id":"97b4959e-3984-4a16-8c96-0ec86eb17eae"},{"type":"CATEGORY","id":"7c32a61b-ac69-4808-96e4-1d87b3dbbdee"},{"type":"CATEGORY","id":"ed8d0160-73bf-44bf-a7ab-64345d1c7437"},{"type":"CATEGORY","id":"2ff6db31-43db-4698-942f-0aa8a83af30f"},{"type":"CATEGORY","id":"4c3f5c44-847c-40ba-ab01-0ad9b31cf039"},{"type":"CATEGORY","id":"eebd338d-dbd5-37e4-9e4a-1296de82963a"},{"type":"CATEGORY","id":"c56f06bf-11f0-4cbd-ace4-8274b7bf6550"}],"sampling":{"structured":{"method":"TOP","sample_size":{"name":"COMPREHENSIVE","options":{"row_number":100000}}}},"datascope_of_reruns":"ALL"},"status":"READY","publish_job":{"id":"75807986-c570-42a7-b698-6580da8c8f5e"}}},"attachments":[]}