{"metadata":{"asset_id":"ab65e046-4304-44ee-98f0-8b13b8b5645f","asset_type":"metadata_import","creator_id":"1000330999","created_at":"1670510683988","project_id":"dfc57498-eec6-4d58-bbb8-f57f29b14aba","usage":{"last_updated_at":"2022-12-08T14:44:50Z","last_updater_id":"1000330999","last_update_time":1670510690401,"last_accessed_at":"2022-12-08T14:44:50Z","last_access_time":1670510690401,"last_accessor_id":"1000330999","access_count":0}},"entity":{"name":"metadat_Import_004","import_type":"metadata","connection_id":"9bfde953-c7f1-4e16-ae61-917bc777071c","target_catalog_id":"3a53b3cb-ae4e-4b53-a36c-24d667336ede","job_id":"47cec2eb-3235-4b3e-ad70-81fde58dd32e","scope":{"paths":["/Asset_I","/BusinessEntity_I","/EnvironmentalSustainability","/EnvironmentalSustainability_I","/General_I","/LandingStrata_I","/Location_I"]},"datasource_type":"database","last_run_started":1670510690177,"number_of_runs":1,"version":4,"mde_enabled":true}}