{"metadata":{"asset_id":"6dddff45-40b2-452f-8183-15d0c4c8d2b6","asset_attributes":["project_mde_settings"],"name":"MDE settings for project dfc57498-eec6-4d58-bbb8-f57f29b14aba","asset_type":"project_mde_settings","created_at":"2022-11-23T16:36:27Z","origin_country":"us","owner_id":"1000330999","project_id":"dfc57498-eec6-4d58-bbb8-f57f29b14aba","size":0,"tags":[],"usage":{"last_update_time":1669221387762,"last_updated_at":"2022-11-23T16:36:27Z"}},"entity":{"project_mde_settings":{"settings":"{\"structured_profiling\":{\"null_threshold\":0.05,\"uniqueness_threshold\":0.95,\"constant_threshold\":0.99,\"quality_score_threshold\":0.8,\"data_class_assignment_threshold\":0.75,\"data_class_suggestion_threshold\":0.25},\"term_assignment\":{\"term_assignment_threshold\":0.9,\"term_suggestion_threshold\":0.75,\"class_based_assignments\":true,\"ml_based_assignments\":true,\"name_matching\":true}}"}}}