{"metadata":{"asset_id":"5571b3e9-c5d9-4a2d-8292-45609faf65b9","asset_attributes":["term_assignment_model"],"name":"term_assignment_model","asset_type":"term_assignment_model","created_at":"2022-11-23T16:37:23Z","description":"The term assignment model.","origin_country":"us","owner_id":"icp4d-dev","project_id":"dfc57498-eec6-4d58-bbb8-f57f29b14aba","size":1618621,"usage":{"last_update_time":1669741447397,"last_updated_at":"2022-11-29T17:04:07Z"}},"entity":{"term_assignment_model":{"description":"The term assignment model.","training":{"status":"success","model_description":"Model generated by automatic training on 2022-11-29T17:03:54Z. Reason to initiate training: 1 terms were updated since the last trained date.","phase":"upload","started_at":"2022-11-29T17:03:54Z","model_details":{"use_data_profile":false,"Number of categories":37,"Number of terms":1198,"Number of tables":2,"Number of distinct columns":2,"Number of term assignments":4},"finished_at":"2022-11-29T17:04:04Z","model_id":"686747ff-69f9-43ae-9296-28471280e7d8"},"project_id":"dfc57498-eec6-4d58-bbb8-f57f29b14aba","active_model":{"model_id":"686747ff-69f9-43ae-9296-28471280e7d8","origin":"training","finished_at":"2022-11-29T17:04:04Z","model_details":{"use_data_profile":false,"Number of categories":37,"Number of terms":1198,"Number of tables":2,"Number of distinct columns":2,"Number of term assignments":4},"model_description":"Model generated by automatic training on 2022-11-29T17:03:54Z. Reason to initiate training: 1 terms were updated since the last trained date."}}},"attachments":[{"id":"17a1bbce-6acb-49b6-be12-981ae4dc7619","version":2,"asset_type":"term_assignment_model","name":"term_assignment_model_dfc57498-eec6-4d58-bbb8-f57f29b14aba_5571b3e9-c5d9-4a2d-8292-45609faf65b9","mime":"application/octet-stream","datasource_type":"81bafdbd-b7c6-45c5-a4fd-6ec135f66f4e","creator_id":"icp4d-dev","create_time":1669635159496,"size":532172,"is_remote":false,"is_managed":true,"is_referenced":false,"is_object_key_read_only":false,"is_user_provided_path_key":false,"transfer_complete":true,"is_partitioned":false,"complete_time_ticks":1669635159795,"user_data":{},"test_doc":0,"handle":{"type":"assetfiles","key":"c794fc94-cdd1-442b-b215-c74accdd2778/5571b3e9-c5d9-4a2d-8292-45609faf65b9/17a1bbce-6acb-49b6-be12-981ae4dc7619","upload_id":"done","max_part_num":1},"usage":{"access_count":0,"last_accessor_id":"icp4d-dev","last_access_time":1669635159496}},{"id":"c23209e0-4082-48cb-a2e3-47cea9667aa1","version":2,"asset_type":"term_assignment_model","name":"term_assignment_model_dfc57498-eec6-4d58-bbb8-f57f29b14aba_5571b3e9-c5d9-4a2d-8292-45609faf65b9","mime":"application/octet-stream","datasource_type":"81bafdbd-b7c6-45c5-a4fd-6ec135f66f4e","creator_id":"icp4d-dev","create_time":1669738290501,"size":541916,"is_remote":false,"is_managed":true,"is_referenced":false,"is_object_key_read_only":false,"is_user_provided_path_key":false,"transfer_complete":true,"is_partitioned":false,"complete_time_ticks":1669738290758,"user_data":{},"test_doc":0,"handle":{"type":"assetfiles","key":"c794fc94-cdd1-442b-b215-c74accdd2778/5571b3e9-c5d9-4a2d-8292-45609faf65b9/c23209e0-4082-48cb-a2e3-47cea9667aa1","upload_id":"done","max_part_num":1},"usage":{"access_count":0,"last_accessor_id":"icp4d-dev","last_access_time":1669738290501}},{"id":"686747ff-69f9-43ae-9296-28471280e7d8","version":2,"asset_type":"term_assignment_model","name":"term_assignment_model_dfc57498-eec6-4d58-bbb8-f57f29b14aba_5571b3e9-c5d9-4a2d-8292-45609faf65b9","mime":"application/octet-stream","datasource_type":"81bafdbd-b7c6-45c5-a4fd-6ec135f66f4e","creator_id":"icp4d-dev","create_time":1669741445323,"size":544533,"is_remote":false,"is_managed":true,"is_referenced":false,"is_object_key_read_only":false,"is_user_provided_path_key":false,"transfer_complete":true,"is_partitioned":false,"complete_time_ticks":1669741446035,"user_data":{},"test_doc":0,"handle":{"type":"assetfiles","key":"c794fc94-cdd1-442b-b215-c74accdd2778/5571b3e9-c5d9-4a2d-8292-45609faf65b9/686747ff-69f9-43ae-9296-28471280e7d8","upload_id":"done","max_part_num":1},"usage":{"access_count":0,"last_accessor_id":"icp4d-dev","last_access_time":1669741445323}}]}