{"fields":[{"key":"scanner_id_metadata","type":"string","facet":false,"is_array":false,"is_searchable_across_types":false},{"key":"scanner_name_metadata","type":"string","facet":false,"is_array":false,"is_searchable_across_types":false},{"key":"scanner_id_lineage","type":"string","facet":false,"is_array":false,"is_searchable_across_types":false},{"key":"scanner_name_lineage","type":"string","facet":false,"is_array":false,"is_searchable_across_types":false}],"external_asset_preview":{},"relationships":[],"global_search_searchable":[],"attribute_only":false,"name":"manta_scanner","version":1,"scope":"GLOBAL"}