{"description":"The model facts user OpenPages asset type to capture OpenPages fields.","fields":[],"external_asset_preview":{},"relationships":[],"properties":{"Additional Information":{"type":"string","placeholder":"Please enter the value","hidden":false,"readonly":false,"label":{"default":"Additional Information"}}},"localized_metadata_attributes":{"name":{"default":"Custom facts","en":"Custom facts"}},"global_search_searchable":[],"attribute_only":false,"name":"modelfacts_user_op","version":1,"scope":"ACCOUNT"}